"Service Request Description","Department","Method Received","Created Date","Block/Address","Street","Ward","Sub-Type"
"Garbage Not Collected","Environmental Services","Phone","APR 29, 2020 10:17:50 AM","31##","GRAND MARAIS","WARD 5"," "
"Garbage Not Collected","Environmental Services","Phone","APR 30, 2020 09:30:48 AM","9##","CHATEAU","WARD 7"," "
"Garbage Not Collected","Environmental Services","Phone","APR 30, 2020 09:45:47 AM","10##","HOMEDALE","WARD 6"," "
"Garbage Not Collected","Environmental Services","Phone","APR 30, 2020 11:27:48 AM","4##","ST PAUL","WARD 6"," "
"Garbage Not Collected","Environmental Services","Phone","APR 30, 2020 11:53:15 AM","28##","LLOYD GEORGE","WARD 8"," "
"Garbage Not Collected","Environmental Services","Phone","FEB 24, 2020 12:24:56 PM","14##","SPRUCEWOOD","WARD 1"," "
"Garbage Not Collected","Environmental Services","Phone","FEB 24, 2020 01:52:14 PM","24##","ASKIN","WARD 10"," "
"Garbage Not Collected","Environmental Services","Phone","FEB 24, 2020 08:44:58 AM","27##","PARENT","WARD 10"," "
"Garbage Not Collected","Environmental Services","Phone","FEB 26, 2020 09:55:10 AM","12##","DOUGALL","WARD 3"," "
"Garbage Not Collected","Environmental Services","Phone","MAR 23, 2020 09:16:15 AM","10##","CALIFORNIA","WARD 2"," "
"Garbage Not Collected","Environmental Services","Phone","MAR 23, 2020 10:08:26 AM","7##","NEWPORT","WARD 10"," "
"Garbage Not Collected","Environmental Services","Phone","MAR 23, 2020 02:21:14 PM","13##","VICTORIA","WARD 3"," "
"Garbage Not Collected","Environmental Services","Phone","MAR 23, 2020 03:02:29 PM","14##","SPRUCEWOOD","WARD 1"," "
"Garbage Not Collected","Environmental Services","Phone","MAR 23, 2020 03:03:18 PM","11##","LENA","WARD 2"," "
"Garbage Not Collected","Environmental Services","Phone","APR 14, 2020 03:01:36 PM","3##","WYANDOTTE","WARD 3"," "
"Garbage Not Collected","Environmental Services","Phone","APR 07, 2020 03:12:43 PM","7##","BRANT","WARD 4"," "
"Garbage Not Collected","Environmental Services","Phone","APR 28, 2020 09:57:01 AM","39##","CASGRAIN","WARD 1"," "
"Garbage Not Collected","Environmental Services","Phone","APR 29, 2020 09:23:37 AM","25##","ALEXIS","WARD 5"," "
"Garbage Not Collected","Environmental Services","Phone","MAY 20, 2020 08:41:24 AM","16##","SOUTHDALE","WARD 10"," "
"Garbage Not Collected","Environmental Services","Web Intake","MAR 31, 2020 10:03:05 AM"," "," ","WARD 3"," "
"Garbage Not Collected","Environmental Services","Phone","FEB 03, 2020 11:08:18 AM","18##","DOMINION","WARD 10"," "
"Garbage Not Collected","Environmental Services","Phone","FEB 04, 2020 11:32:47 AM","45##","TUMBLEWEED","WARD 1"," "
"Garbage Not Collected","Environmental Services","Phone","FEB 05, 2020 12:57:24 PM","45##","TIMBER","WARD 1"," "
"Garbage Not Collected","Environmental Services","Phone","FEB 05, 2020 02:44:51 PM","13##","HALLMARK","WARD 9"," "
"Garbage Not Collected","Environmental Services","Phone","FEB 05, 2020 03:05:33 PM","32##","CONSERVATION","WARD 9"," "
"Garbage Not Collected","Environmental Services","Phone","FEB 03, 2020 12:57:10 PM","23##","ROSSINI","WARD 5"," "
"Garbage Not Collected","Environmental Services","Phone","FEB 03, 2020 01:03:55 PM","17##","DAYTONA","WARD 10"," "
"Garbage Not Collected","Environmental Services","Phone","FEB 03, 2020 03:11:13 PM","22##","BETHLEHEM","WARD 1"," "
"Garbage Not Collected","Environmental Services","Phone","FEB 03, 2020 03:41:59 PM","33##","GUNDY PARK","WARD 9"," "
"Garbage Not Collected","Environmental Services","Phone","FEB 04, 2020 09:56:39 AM","33##","BRUCE","WARD 1"," "
"Garbage Not Collected","Environmental Services","E-Mail","JAN 06, 2020 03:26:46 PM","26##","MEADOWBROOK","WARD 8"," "
"Garbage Not Collected","Environmental Services","Phone","JAN 10, 2020 12:06:16 PM","15##","ELLROSE","WARD 5"," "
"Garbage Not Collected","Environmental Services","Phone","MAR 19, 2020 09:24:33 AM","41##","TECUMSEH","WARD 5"," "
"Garbage Not Collected","Environmental Services","Phone","MAR 19, 2020 12:46:38 PM","11##","FREDERICA","WARD 7"," "
"Garbage Not Collected","Environmental Services","Phone","FEB 21, 2020 02:55:43 PM","31##","MULBERRY","WARD 7"," "
"Garbage Not Collected","Environmental Services","Phone","FEB 21, 2020 04:09:10 PM","12##","EASTLAWN","WARD 6"," "
"Garbage Not Collected","Environmental Services","Phone","MAR 20, 2020 08:46:02 AM","3##","CARLING","WARD 6"," "
"Garbage Not Collected","Environmental Services","Phone","MAR 19, 2020 02:05:42 PM","111##","RIVERSIDE","WARD 7"," "
"Garbage Not Collected","Environmental Services","Phone","MAR 19, 2020 02:14:06 PM","103##","MENARD","WARD 7"," "
"Garbage Not Collected","Environmental Services","Phone","MAR 19, 2020 04:16:28 PM","20##","FORD","WARD 8"," "
"Garbage Not Collected","Environmental Services","Phone","MAR 20, 2020 08:03:26 AM","4##","CARLING","WARD 6"," "
"Garbage Not Collected","Environmental Services","Phone","FEB 27, 2020 02:58:47 PM","9##","ST MARY'S","WARD 6"," "
"Garbage Not Collected","Environmental Services","Phone","FEB 21, 2020 10:37:34 AM","15##","MOY","WARD 4"," "
"Garbage Not Collected","Environmental Services","Phone","FEB 21, 2020 10:43:53 AM","16##","PIERRE","WARD 4"," "
"Garbage Not Collected","Environmental Services","Phone","MAR 20, 2020 09:52:52 AM","23##","PRINCESS","WARD 8"," "
"Garbage Not Collected","Environmental Services","Phone","MAR 20, 2020 10:21:09 AM","84##","KINGSTON","WARD 6"," "
"Garbage Not Collected","Environmental Services","Phone","MAR 20, 2020 11:17:35 AM","3##","CARLING","WARD 6"," "
"Garbage Not Collected","Environmental Services","Phone","MAR 20, 2020 11:43:35 AM","3##","CARLING","WARD 6"," "
"Garbage Not Collected","Environmental Services","Phone","FEB 05, 2020 10:15:08 AM","12##","MARENTETTE","WARD 4"," "
"Garbage Not Collected","Environmental Services","Phone","APR 07, 2020 01:28:34 PM","13##","PRINCE","WARD 2"," "
"Garbage Not Collected","Environmental Services","Phone","APR 08, 2020 09:16:38 AM","17##","VICKY","WARD 9"," "
"Garbage Not Collected","Environmental Services","Phone","APR 08, 2020 09:50:35 AM","31##","ERINDALE","WARD 9"," "
"Garbage Not Collected","Environmental Services","Phone","APR 08, 2020 11:54:14 AM","27##","SOUTHRIDGE","WARD 10"," "
"Garbage Not Collected","Environmental Services","Phone","APR 08, 2020 03:50:44 PM","20##","VIMY","WARD 4"," "
"Garbage Not Collected","Environmental Services","Phone","MAR 19, 2020 09:35:39 AM","28##","JEFFERSON","WARD 8"," "
"Garbage Not Collected","Environmental Services","Phone","APR 06, 2020 10:59:55 AM","61##","TIBURON","WARD 1"," "
"Garbage Not Collected","Environmental Services","Phone","APR 06, 2020 12:08:11 PM","29##","ASKIN","WARD 10"," "
"Garbage Not Collected","Environmental Services","Phone","APR 06, 2020 03:35:23 PM","38##","VAUGHAN","WARD 2"," "
"Garbage Not Collected","Environmental Services","E-Mail","APR 07, 2020 12:19:11 PM","6##","IRVINE","WARD 4"," "
"Garbage Not Collected","Environmental Services","Phone","APR 17, 2020 11:03:19 AM","10##","MARION","WARD 4"," "
"Garbage Not Collected","Environmental Services","Phone","MAR 16, 2020 02:26:16 PM","29##","REGIS","WARD 7"," "
"Garbage Not Collected","Environmental Services","Phone","MAR 16, 2020 04:07:28 PM","26##","CHICK","WARD 10"," "
"Garbage Not Collected","Environmental Services","Phone","MAR 17, 2020 01:51:32 PM","7##","SOUTH PACIFIC","WARD 10"," "
"Garbage Not Collected","Environmental Services","Phone","MAR 17, 2020 04:51:09 PM","14##","BUDAPEST","WARD 9"," "
"Garbage Not Collected","Environmental Services","Phone","MAR 19, 2020 10:52:54 AM","93##","BAYSWATER","WARD 6"," "
"Garbage Not Collected","Environmental Services","Phone","APR 09, 2020 09:01:34 AM","18##","MOY","WARD 4"," "
"Garbage Not Collected","Environmental Services","Phone","APR 09, 2020 09:11:21 AM","52##","WYANDOTTE","WARD 6"," "
"Garbage Not Collected","Environmental Services","Phone","APR 09, 2020 09:12:05 AM","52##","WYANDOTTE","WARD 6"," "
"Garbage Not Collected","Environmental Services","Phone","APR 09, 2020 10:05:59 AM","22##","KILDARE","WARD 4"," "
"Garbage Not Collected","Environmental Services","Phone","MAR 19, 2020 10:52:53 AM","9##","BANWELL","WARD 7"," "
"Garbage Not Collected","Environmental Services","Phone","MAR 18, 2020 12:26:03 PM","47##","JULIET","WARD 9"," "
"Garbage Not Collected","Environmental Services","Phone","MAR 19, 2020 10:43:31 AM","8##","DAWSON","WARD 6"," "
"Garbage Not Collected","Environmental Services","Phone","MAY 01, 2020 08:57:39 AM","9##","BELLEPERCHE","WARD 6"," "
"Garbage Not Collected","Environmental Services","Phone","MAY 01, 2020 09:43:56 AM","10##","LAKEVIEW","WARD 7"," "
"Garbage Not Collected","Environmental Services","Phone","MAY 01, 2020 10:22:06 AM","118##","COBBLESTONE","WARD 7"," "
"Garbage Not Collected","Environmental Services","Phone","MAY 01, 2020 12:14:51 PM","5##","LAKEVIEW","WARD 7"," "
"Garbage Not Collected","Environmental Services","Phone","JAN 13, 2020 08:34:05 AM","36##","HOLBURN","WARD 9"," "
"Garbage Not Collected","Environmental Services","Phone","JAN 13, 2020 09:05:14 AM","7##","BARTLET","WARD 1"," "
"Garbage Not Collected","Environmental Services","Phone","APR 30, 2020 03:10:28 PM","4##","WATSON","WARD 6"," "
"Garbage Not Collected","Environmental Services","Phone","MAY 01, 2020 08:05:13 AM","50##","COLBOURNE","WARD 8"," "
"Garbage Not Collected","Environmental Services","Phone","MAY 01, 2020 08:27:43 AM","10##","HOMEDALE","WARD 6"," "
"Garbage Not Collected","Environmental Services","Phone","JAN 13, 2020 09:15:16 AM","21##","PELISSIER","WARD 3"," "
"Garbage Not Collected","Environmental Services","Phone","JAN 13, 2020 09:15:40 AM","19##","MANITOBA","WARD 10"," "
"Garbage Not Collected","Environmental Services","Phone","APR 30, 2020 12:05:28 PM","3##","PARENT","WARD 4"," "
"Garbage Not Collected","Environmental Services","Phone","JAN 15, 2020 11:52:34 AM","14##","GOYEAU","WARD 3"," "
"Garbage Not Collected","Environmental Services","Phone","JAN 15, 2020 12:36:45 PM","17##","MOHAWK","WARD 4"," "
"Garbage Not Collected","Environmental Services","Phone","JAN 15, 2020 02:00:58 PM","4##","GLENGARRY","WARD 3"," "
"Garbage Not Collected","Environmental Services","Phone","MAR 25, 2020 10:05:42 AM","22##","BETHLEHEM","WARD 1"," "
"Garbage Not Collected","Environmental Services","Phone","MAR 25, 2020 10:28:33 AM","9##","TECUMSEH","WARD 4"," "
"Garbage Not Collected","Environmental Services","Phone","MAR 25, 2020 10:43:00 AM","15##","PILLETTE","WARD 5"," "
"Garbage Not Collected","Environmental Services","Phone","MAR 25, 2020 11:17:33 AM","8##","PILLETTE","WARD 5"," "
"Garbage Not Collected","Environmental Services","Phone","JAN 13, 2020 01:10:17 PM","19##","MANITOBA","WARD 10"," "
"Garbage Not Collected","Environmental Services","Phone","JAN 14, 2020 03:01:20 PM","4##","LOGAN","WARD 3"," "
"Garbage Not Collected","Environmental Services","Phone","JAN 14, 2020 03:17:12 PM","22##","HOWARD","WARD 3"," "
"Garbage Not Collected","Environmental Services","Phone","JAN 13, 2020 01:36:11 PM","28##","LIONEL","WARD 10"," "
"Garbage Not Collected","Environmental Services","Web Intake","JAN 13, 2020 06:41:46 PM"," "," ","WARD 1"," "
"Garbage Not Collected","Environmental Services","Phone","JAN 14, 2020 12:05:39 PM","42##","TUMBLEWEED","WARD 1"," "
"Garbage Not Collected","Environmental Services","Web Intake","FEB 28, 2020 10:27:15 PM"," "," ","WARD 7"," "
"Garbage Not Collected","Environmental Services","Phone","MAR 02, 2020 08:05:09 AM","9##","EASTLAWN","WARD 6"," "
"Garbage Not Collected","Environmental Services","Phone","APR 27, 2020 12:41:35 PM","34##","HUNTINGTON","WARD 9"," "
"Garbage Not Collected","Environmental Services","Phone","APR 29, 2020 08:10:02 AM","6##","CATARAQUI","WARD 4"," "
"Garbage Not Collected","Environmental Services","Phone","APR 29, 2020 02:14:18 PM","21##","ONTARIO","WARD 4"," "
"Garbage Not Collected","Environmental Services","Phone","APR 29, 2020 03:00:00 PM","12##","HALL","WARD 4"," "
"Garbage Not Collected","Environmental Services","Phone","MAR 25, 2020 02:41:24 PM","12##","JANETTE","WARD 3"," "
"Garbage Not Collected","Environmental Services","Phone","MAR 25, 2020 03:51:16 PM","19##","ELLROSE","WARD 5"," "
"Garbage Not Collected","Environmental Services","Phone","MAR 25, 2020 12:44:15 PM","8##","PILLETTE","WARD 5"," "
"Garbage Not Collected","Environmental Services","Phone","JAN 15, 2020 10:31:35 AM","8##","PIERRE","WARD 4"," "
"Garbage Not Collected","Environmental Services","Phone","JAN 15, 2020 10:37:18 AM","8##","MARION","WARD 4"," "
"Garbage Not Collected","Environmental Services","E-Mail","JAN 15, 2020 10:57:41 AM","4##","LOGAN","WARD 3"," "
"Garbage Not Collected","Environmental Services","Phone","JAN 15, 2020 11:08:37 AM","14##","GLADSTONE","WARD 4"," "
"Garbage Not Collected","Environmental Services","Phone","JAN 15, 2020 02:53:06 PM","15##","ELLROSE","WARD 5"," "
"Garbage Not Collected","Environmental Services","Phone","MAR 25, 2020 09:44:56 AM","2##","VILLAIRE","WARD 6"," "
"Garbage Not Collected","Environmental Services","Phone","FEB 26, 2020 04:14:30 PM","12##","KILDARE","WARD 4"," "
"Garbage Not Collected","Environmental Services","Phone","FEB 27, 2020 04:18:57 PM","11##","MARION","WARD 4"," "
"Garbage Not Collected","Environmental Services","Phone","FEB 28, 2020 01:04:52 PM","73##","ST ROSE","WARD 6"," "
"Garbage Not Collected","Environmental Services","Phone","FEB 13, 2020 09:28:30 AM","42##","FRANKLIN","WARD 5"," "
"Garbage Not Collected","Environmental Services","Phone","FEB 12, 2020 11:22:10 AM","45##","TIMBER","WARD 1"," "
"Garbage Not Collected","Environmental Services","Phone","FEB 12, 2020 02:29:48 PM","23##","CADILLAC","WARD 5"," "
"Garbage Not Collected","Environmental Services","Phone","FEB 12, 2020 04:59:21 PM","23##","CADILLAC","WARD 5"," "
"Garbage Not Collected","Environmental Services","Phone","FEB 13, 2020 01:06:19 PM","25##","RIVARD","WARD 8"," "
"Garbage Not Collected","Environmental Services","Web Intake","APR 21, 2020 05:53:38 PM"," "," ","WARD 10"," "
"Garbage Not Collected","Environmental Services","Phone","APR 22, 2020 09:19:33 AM","27##","CHANDLER","WARD 5"," "
"Garbage Not Collected","Environmental Services","Phone","APR 23, 2020 12:16:28 PM","28##","WESTMINSTER","WARD 8"," "
"Garbage Not Collected","Environmental Services","Phone","APR 23, 2020 12:36:42 PM","29##","SCOTIA","WARD 8"," "
"Garbage Not Collected","Environmental Services","Phone","APR 23, 2020 03:56:28 PM","18##","WESTMINSTER","WARD 8"," "
"Garbage Not Collected","Environmental Services","Phone","APR 24, 2020 11:49:07 AM","11##","EASTLAWN","WARD 6"," "
"Garbage Not Collected","Environmental Services","Phone","APR 24, 2020 12:05:08 PM","2##","LINCOLN","WARD 4"," "
"Garbage Not Collected","Environmental Services","Phone","APR 28, 2020 04:01:44 PM","6##","CHARLES","WARD 10"," "
"Garbage Not Collected","Environmental Services","Phone","MAR 23, 2020 08:16:05 AM","22##","RANDOLPH","WARD 10"," "
"Garbage Not Collected","Environmental Services","Phone","APR 02, 2020 09:39:29 AM","19##","BERNARD","WARD 5"," "
"Garbage Not Collected","Environmental Services","Phone","APR 02, 2020 01:15:54 PM","85##","FOXHILL","WARD 6"," "
"Garbage Not Collected","Environmental Services","Phone","APR 02, 2020 03:06:01 PM","95##","MENARD","WARD 7"," "
"Garbage Not Collected","Environmental Services","Phone","APR 03, 2020 09:07:17 AM","16##","BALFOUR","WARD 8"," "
"Garbage Not Collected","Environmental Services","Phone","APR 03, 2020 11:10:53 AM","9##","LINCOLN","WARD 4"," "
"Garbage Not Collected","Environmental Services","Phone","MAY 21, 2020 10:39:24 AM","23##","MERCER","WARD 3"," "
"Garbage Not Collected","Environmental Services","Phone","MAY 21, 2020 10:56:00 AM","6##","BENSETTE","WARD 10"," "
"Garbage Not Collected","Environmental Services","Phone","MAY 21, 2020 02:52:30 PM","8##","HILDEGARDE","WARD 10"," "
"Garbage Not Collected","Environmental Services","Phone","MAY 22, 2020 08:57:04 AM","9##","WALKER","WARD 4"," "
"Garbage Not Collected","Environmental Services","Phone","MAY 19, 2020 09:55:40 AM","17##","MARK","WARD 10"," "
"Garbage Not Collected","Environmental Services","Phone","MAY 15, 2020 11:19:03 AM","9##","PELISSIER","WARD 3"," "
"Garbage Not Collected","Environmental Services","Phone","FEB 03, 2020 02:18:39 PM","31##","AVONDALE","WARD 1"," "
"Garbage Not Collected","Environmental Services","Phone","JAN 30, 2020 01:37:44 PM","86##","RIVERSIDE","WARD 6"," "
"Garbage Not Collected","Environmental Services","Phone","JAN 30, 2020 02:13:35 PM","2##","GLADSTONE","WARD 4"," "
"Garbage Not Collected","Environmental Services","Phone","JAN 31, 2020 10:08:52 AM","11##","EDWARD","WARD 6"," "
"Garbage Not Collected","Environmental Services","Phone","JAN 31, 2020 12:45:03 PM","31##","MEADOWBROOK","WARD 8"," "
"Garbage Not Collected","Environmental Services","Phone","JAN 21, 2020 11:55:15 AM","15##","ST PATRICK'S","WARD 10"," "
"Garbage Not Collected","Environmental Services","Phone","JAN 21, 2020 04:16:48 PM","4##","LOGAN","WARD 3"," "
"Garbage Not Collected","Environmental Services","Phone","JAN 22, 2020 09:29:32 AM","18##","HARTFORD","WARD 10"," "
"Garbage Not Collected","Environmental Services","Phone","JAN 22, 2020 11:04:04 AM","16##","MERIDIAN","WARD 9"," "
"Garbage Not Collected","Environmental Services","Phone","JAN 23, 2020 08:39:07 AM","19##","JEFFERSON","WARD 8"," "
"Garbage Not Collected","Environmental Services","Phone","JAN 23, 2020 09:06:49 AM","6##","MOY","WARD 4"," "
"Garbage Not Collected","Environmental Services","Phone","FEB 12, 2020 02:04:19 PM","19##","IROQUOIS","WARD 4"," "
"Garbage Not Collected","Environmental Services","Phone","FEB 12, 2020 03:46:51 PM","38##","SEMINOLE","WARD 5"," "
"Garbage Not Collected","Environmental Services","Phone","FEB 12, 2020 04:08:14 PM","13##","FRANCOIS","WARD 5"," "
"Garbage Not Collected","Environmental Services","Phone","FEB 19, 2020 09:52:43 AM","17##","PARENT","WARD 4"," "
"Garbage Not Collected","Environmental Services","Phone","FEB 19, 2020 01:30:21 PM","15##","MARENTETTE","WARD 4"," "
"Garbage Not Collected","Environmental Services","Phone","FEB 12, 2020 03:12:12 PM","16##","MOY","WARD 4"," "
"Garbage Not Collected","Environmental Services","Phone","FEB 13, 2020 08:17:34 AM","101##","SHENANDOAH","WARD 7"," "
"Garbage Not Collected","Environmental Services","Phone","FEB 13, 2020 11:01:58 AM","18##","JANE","WARD 9"," "
"Garbage Not Collected","Environmental Services","Phone","FEB 18, 2020 08:18:45 AM","7##","SAMANTHA","WARD 9"," "
"Garbage Not Collected","Environmental Services","Phone","FEB 18, 2020 01:27:54 PM","31##","NORTHWAY","WARD 1"," "
"Garbage Not Collected","Environmental Services","Phone","MAR 25, 2020 09:27:11 AM","6##","BRIDGE","WARD 2"," "
"Garbage Not Collected","Environmental Services","Phone","MAR 25, 2020 10:56:18 AM","14##","VICTORIA","WARD 3"," "
"Garbage Not Collected","Environmental Services","Phone","MAY 06, 2020 03:29:19 PM","7##","LINCOLN","WARD 4"," "
"Garbage Not Collected","Environmental Services","Phone","MAY 07, 2020 08:25:58 AM","17##","TOURANGEAU","WARD 5"," "
"Garbage Not Collected","Environmental Services","Phone","MAY 07, 2020 09:28:53 AM","3##","PIERRE","WARD 4"," "
"Garbage Not Collected","Environmental Services","Phone","MAY 08, 2020 03:51:07 PM","26##","MEADOWBROOK","WARD 8"," "
"Garbage Not Collected","Environmental Services","Phone","JAN 03, 2020 03:44:33 PM","108##","ROBWOOD","WARD 7"," "
"Garbage Not Collected","Environmental Services","Phone","JAN 06, 2020 11:54:36 AM","30##","KENILWORTH","WARD 9"," "
"Garbage Not Collected","Environmental Services","Phone","JAN 23, 2020 04:14:30 PM","9##","HOMEDALE","WARD 6"," "
"Garbage Not Collected","Environmental Services","Phone","MAR 05, 2020 04:25:34 PM","8##","MATTHEW BRADY","WARD 6"," "
"Garbage Not Collected","Environmental Services","Phone","MAR 05, 2020 04:41:54 PM","86##","DARLINGTON","WARD 6"," "
"Garbage Not Collected","Environmental Services","Phone","APR 29, 2020 08:07:59 AM","15##","ST LUKE","WARD 5"," "
"Garbage Not Collected","Environmental Services","Phone","APR 28, 2020 09:06:18 AM","8##","MARION","WARD 4"," "
"Garbage Not Collected","Environmental Services","Phone","APR 28, 2020 09:34:02 AM","27##","CALIFORNIA","WARD 10"," "
"Garbage Not Collected","Environmental Services","Phone","APR 28, 2020 10:28:57 AM","10##","CATARAQUI","WARD 4"," "
"Garbage Not Collected","Environmental Services","Phone","APR 28, 2020 11:09:14 AM","13##","SOUTH PACIFIC","WARD 10"," "
"Garbage Not Collected","Environmental Services","Phone","APR 28, 2020 11:25:00 AM","10##","WAVERLY","WARD 10"," "
"Garbage Not Collected","Environmental Services","Phone","APR 28, 2020 12:18:32 PM","8##","MARION","WARD 4"," "
"Garbage Not Collected","Environmental Services","Web Intake","APR 28, 2020 12:21:54 PM"," "," ","WARD 4"," "
"Garbage Not Collected","Environmental Services","Phone","APR 28, 2020 12:56:42 PM","6##","ALPENROSE","WARD 1"," "
"Garbage Not Collected","Environmental Services","Phone","APR 28, 2020 03:44:13 PM","11##","WAVERLY","WARD 10"," "
"Garbage Not Collected","Environmental Services","Phone","JAN 03, 2020 08:52:18 AM","18##","ALEXIS","WARD 5"," "
"Garbage Not Collected","Environmental Services","Phone","JAN 03, 2020 11:09:04 AM","16##","FOSTER","WARD 9"," "
"Garbage Not Collected","Environmental Services","Phone","JAN 03, 2020 01:04:06 PM","31##","LOEBACH","WARD 8"," "
"Garbage Not Collected","Environmental Services","Phone","JAN 03, 2020 03:54:25 PM","29##","ROBINET","WARD 7"," "
"Garbage Not Collected","Environmental Services","Phone","JAN 06, 2020 09:22:33 AM","7##","MCKAY","WARD 2"," "
"Garbage Not Collected","Environmental Services","Phone","JAN 06, 2020 09:36:17 AM","35##","BLOOMFIELD","WARD 2"," "
"Garbage Not Collected","Environmental Services","Web Intake","JAN 07, 2020 10:20:58 AM"," "," ","WARD 2"," "
"Garbage Not Collected","Environmental Services","Phone","JAN 07, 2020 11:54:59 AM","1##","HANNA","WARD 3"," "
"Garbage Not Collected","Environmental Services","Phone","JAN 07, 2020 04:28:24 PM","2##","SHEPHERD","WARD 3"," "
"Garbage Not Collected","Environmental Services","Phone","JAN 07, 2020 04:59:56 PM","7##","LANGLOIS","WARD 4"," "
"Garbage Not Collected","Environmental Services","Phone","MAR 06, 2020 08:23:30 AM","6##","HALL","WARD 4"," "
"Garbage Not Collected","Environmental Services","Phone","MAR 09, 2020 12:25:36 PM","6##","TOURNIER","WARD 2"," "
"Garbage Not Collected","Environmental Services","Phone","MAR 10, 2020 08:11:05 AM","9##","HANNA","WARD 4"," "
"Garbage Not Collected","Environmental Services","Phone","MAR 10, 2020 09:39:40 AM","14##","GOYEAU","WARD 3"," "
"Garbage Not Collected","Environmental Services","Phone","MAR 10, 2020 09:42:44 AM","13##","GOYEAU","WARD 3"," "
"Garbage Not Collected","Environmental Services","Phone","MAY 21, 2020 09:34:39 AM","23##","CADILLAC","WARD 5"," "
"Garbage Not Collected","Environmental Services","Phone","MAR 10, 2020 10:29:29 AM","8##","HALL","WARD 4"," "
"Garbage Not Collected","Environmental Services","Phone","MAR 17, 2020 02:48:56 PM","8##","MORAND","WARD 9"," "
"Garbage Not Collected","Environmental Services","Phone","MAR 12, 2020 12:42:37 PM","29##","PRINCESS","WARD 8"," "
"Garbage Not Collected","Environmental Services","Web Intake","MAR 02, 2020 10:45:03 AM"," "," ","WARD 2"," "
"Garbage Not Collected","Environmental Services","Phone","MAR 13, 2020 03:51:13 PM","51##","TECUMSEH","WARD 8"," "
"Garbage Not Collected","Environmental Services","Phone","APR 21, 2020 08:36:44 AM","41##","DOUGALL","WARD 1"," "
"Garbage Not Collected","Environmental Services","Phone","APR 21, 2020 11:12:27 AM"," ","HANNA","WARD 3"," "
"Garbage Not Collected","Environmental Services","Phone","APR 16, 2020 02:08:38 PM","13##","CALVERT","WARD 9"," "
"Garbage Not Collected","Environmental Services","Phone","APR 16, 2020 03:43:45 PM","14##","HALLMARK","WARD 9"," "
"Garbage Not Collected","Environmental Services","Phone","APR 20, 2020 02:30:08 PM","70##","CHARLIE BROOKS","WARD 8"," "
"Garbage Not Collected","Environmental Services","Phone","MAY 05, 2020 03:52:31 PM","2##","CRAWFORD","WARD 3"," "
"Garbage Not Collected","Environmental Services","Phone","APR 30, 2020 03:50:55 PM","22##","BYNG","WARD 4"," "
"Garbage Not Collected","Environmental Services","Phone","MAY 04, 2020 11:11:56 AM","22##","BETHLEHEM","WARD 1"," "
"Garbage Not Collected","Environmental Services","Phone","MAY 04, 2020 03:01:24 PM","36##","OUELLETTE","WARD 9"," "
"Garbage Not Collected","Environmental Services","Phone","MAY 05, 2020 01:41:12 PM","5##","OAK","WARD 3"," "
"Garbage Not Collected","Environmental Services","Phone","MAY 06, 2020 08:41:17 AM","9##","ELLIS","WARD 4"," "
"Garbage Not Collected","Environmental Services","Phone","MAR 16, 2020 04:08:54 PM","11##","RANKIN","WARD 2"," "
"Garbage Not Collected","Environmental Services","Phone","MAR 16, 2020 04:56:41 PM","7##","BRIDGE","WARD 2"," "
"Garbage Not Collected","Environmental Services","Phone","MAR 16, 2020 11:00:23 AM","35##","PETER","WARD 2"," "
"Garbage Not Collected","Environmental Services","Phone","APR 21, 2020 09:46:41 AM","2##","PIERRE","WARD 4"," "
"Garbage Not Collected","Environmental Services","Phone","JAN 10, 2020 08:03:46 AM","87##","WYANDOTTE","WARD 6"," "
"Garbage Not Collected","Environmental Services","Phone","JAN 09, 2020 02:21:46 PM","10##","LAKEVIEW","WARD 7"," "
"Garbage Not Collected","Environmental Services","Phone","JAN 09, 2020 02:56:43 PM","15##","PROVINCIAL","WARD 9"," "
"Garbage Not Collected","Environmental Services","Phone","JAN 09, 2020 03:04:02 PM","11##","BELLEPERCHE","WARD 6"," "
"Garbage Not Collected","Environmental Services","Phone","JAN 10, 2020 08:19:13 AM","36##","RIVERSIDE","WARD 5"," "
"Garbage Not Collected","Environmental Services","Phone","MAY 04, 2020 08:19:44 AM","14##","FELIX","WARD 2"," "
"Garbage Not Collected","Environmental Services","Phone","MAY 04, 2020 08:30:21 AM","7##","SAMANTHA","WARD 9"," "
"Garbage Not Collected","Environmental Services","Phone","MAY 04, 2020 03:42:48 PM","8##","NORTHWOOD","WARD 10"," "
"Garbage Not Collected","Environmental Services","Phone","MAY 05, 2020 09:22:43 AM","7##","CABANA","WARD 9"," "
"Garbage Not Collected","Environmental Services","Phone","MAY 05, 2020 09:44:50 AM","22##","MERCER","WARD 3"," "
"Garbage Not Collected","Environmental Services","Phone","MAY 05, 2020 11:55:26 AM","9##","SOUTH PACIFIC","WARD 10"," "
"Garbage Not Collected","Environmental Services","Phone","MAY 06, 2020 09:45:16 AM","12##","LANGLOIS","WARD 4"," "
"Garbage Not Collected","Environmental Services","Phone","MAY 06, 2020 10:24:36 AM","32##","SANDWICH","WARD 2"," "
"Garbage Not Collected","Environmental Services","Phone","MAY 06, 2020 10:46:30 AM","16##","TOURANGEAU","WARD 5"," "
"Garbage Not Collected","Environmental Services","Phone","MAY 06, 2020 11:32:34 AM","22##","MERCER","WARD 3"," "
"Garbage Not Collected","Environmental Services","Phone","MAY 06, 2020 01:00:51 PM","8##","LAWRENCE","WARD 6"," "
"Garbage Not Collected","Environmental Services","Phone","MAY 06, 2020 01:53:10 PM","3##","LINCOLN","WARD 4"," "
"Garbage Not Collected","Environmental Services","Phone","MAY 07, 2020 10:25:22 AM","28##","HAWKSBURY","WARD 10"," "
"Garbage Not Collected","Environmental Services","Phone","MAY 07, 2020 10:46:19 AM","27##","PRINCESS","WARD 8"," "
"Garbage Not Collected","Environmental Services","Phone","MAR 23, 2020 01:03:37 PM","4##","HAMNER","WARD 9"," "
"Garbage Not Collected","Environmental Services","Phone","MAR 23, 2020 01:43:55 PM","31##","KENILWORTH","WARD 9"," "
"Garbage Not Collected","Environmental Services","Phone","MAR 23, 2020 02:35:13 PM","28##","CALIFORNIA","WARD 10"," "
"Garbage Not Collected","Environmental Services","Phone","MAR 23, 2020 02:44:57 PM","7##","NORTHWOOD","WARD 10"," "
"Garbage Not Collected","Environmental Services","Phone","APR 06, 2020 03:17:03 PM","19##","TOTTEN","WARD 10"," "
"Garbage Not Collected","Environmental Services","Phone","APR 02, 2020 10:00:09 AM","26##","PILLETTE","WARD 5"," "
"Garbage Not Collected","Environmental Services","Phone","APR 02, 2020 03:01:56 PM","31##","ELMWOOD","WARD 7"," "
"Garbage Not Collected","Environmental Services","Phone","APR 06, 2020 09:49:58 AM","15##","GOYEAU","WARD 3"," "
"Garbage Not Collected","Environmental Services","Phone","FEB 03, 2020 04:15:26 PM","11##","LANGLOIS","WARD 4"," "
"Garbage Not Collected","Environmental Services","Phone","MAY 07, 2020 11:32:19 AM","11##","STANLEY","WARD 10"," "
"Garbage Not Collected","Environmental Services","Phone","JAN 13, 2020 08:17:52 AM","10##","CATARAQUI","WARD 4"," "
"Garbage Not Collected","Environmental Services","Phone","APR 22, 2020 10:02:03 AM","9##","GLADSTONE","WARD 4"," "
"Garbage Not Collected","Environmental Services","Phone","APR 21, 2020 12:02:29 PM","3##","AYLMER","WARD 4"," "
"Garbage Not Collected","Environmental Services","Phone","MAR 06, 2020 12:41:07 PM","19##","LEDYARD","WARD 9"," "
"Garbage Not Collected","Environmental Services","Phone","MAR 09, 2020 09:35:45 AM","15##","TECUMSEH","WARD 10"," "
"Garbage Not Collected","Environmental Services","Phone","MAR 09, 2020 10:03:10 AM","11##","HALL","WARD 4"," "
"Garbage Not Collected","Environmental Services","Phone","MAR 10, 2020 08:17:43 AM","51##","RIVERSIDE","WARD 6"," "
"Garbage Not Collected","Environmental Services","Phone","JAN 23, 2020 10:40:36 AM","30##","FOREST GLADE","WARD 7"," "
"Garbage Not Collected","Environmental Services","Phone","JAN 15, 2020 10:36:27 AM","23##","GEORGE","WARD 5"," "
"Garbage Not Collected","Environmental Services","Phone","JAN 20, 2020 10:16:25 AM","23##","GLENWOOD","WARD 10"," "
"Garbage Not Collected","Environmental Services","Phone","JAN 13, 2020 09:04:56 AM","6##","BRUCE","WARD 3"," "
"Garbage Not Collected","Environmental Services","Phone","JAN 13, 2020 12:08:27 PM","9##","MARION","WARD 4"," "
"Garbage Not Collected","Environmental Services","Phone","JAN 14, 2020 11:38:15 AM","12##","PARENT","WARD 4"," "
"Garbage Not Collected","Environmental Services","Phone","JAN 14, 2020 11:52:54 AM","10##","WYANDOTTE","WARD 4"," "
"Garbage Not Collected","Environmental Services","Phone","JAN 14, 2020 01:56:59 PM","15##","PIERRE","WARD 4"," "
"Garbage Not Collected","Environmental Services","Phone","JAN 14, 2020 02:49:44 PM","14##","PIERRE","WARD 4"," "
"Garbage Not Collected","Environmental Services","Phone","JAN 14, 2020 03:48:24 PM","15##","DOUGALL","WARD 3"," "
"Garbage Not Collected","Environmental Services","Phone","JAN 14, 2020 04:16:46 PM","29##","DONNELLY","WARD 2"," "
"Garbage Not Collected","Environmental Services","Phone","JAN 15, 2020 08:30:31 AM","14##","LANGLOIS","WARD 4"," "
"Garbage Not Collected","Environmental Services","Phone","FEB 14, 2020 04:33:34 PM","9##","CHATEAU","WARD 7"," "
"Garbage Not Collected","Environmental Services","Phone","FEB 25, 2020 08:08:37 AM","11##","LANGLOIS","WARD 4"," "
"Garbage Not Collected","Environmental Services","Phone","FEB 25, 2020 04:28:33 PM","4##","OAK","WARD 3"," "
"Garbage Not Collected","Environmental Services","Phone","JAN 17, 2020 09:13:11 AM","11##","EASTLAWN","WARD 6"," "
"Garbage Not Collected","Environmental Services","Phone","JAN 15, 2020 02:10:48 PM","37##","RIBERDY","WARD 9"," "
"Garbage Not Collected","Environmental Services","Phone","JAN 15, 2020 02:39:43 PM","12##","LABOUR","WARD 9"," "
"Garbage Not Collected","Environmental Services","Phone","JAN 16, 2020 08:20:49 AM","8##","RIVERDALE","WARD 6"," "
"Garbage Not Collected","Environmental Services","Phone","JAN 02, 2020 09:16:56 AM","17##","WINDERMERE","WARD 4"," "
"Garbage Not Collected","Environmental Services","Phone","JAN 02, 2020 10:11:26 AM","10##","ELM","WARD 3"," "
"Garbage Not Collected","Environmental Services","Phone","JAN 02, 2020 01:03:41 PM","32##","WOODLAWN","WARD 9"," "
"Garbage Not Collected","Environmental Services","Phone","JAN 02, 2020 02:52:33 PM","26##","BERNARD","WARD 5"," "
"Garbage Not Collected","Environmental Services","Phone","JAN 03, 2020 09:19:05 AM","7##","ERIE","WARD 4"," "
"Garbage Not Collected","Environmental Services","Phone","JAN 03, 2020 10:19:22 AM","10##","LINCOLN","WARD 4"," "
"Garbage Not Collected","Environmental Services","Phone","JAN 03, 2020 11:07:25 AM","13##","BENJAMIN","WARD 4"," "
"Garbage Not Collected","Environmental Services","Phone","JAN 03, 2020 01:36:18 PM","30##","PARKWOOD","WARD 9"," "
"Garbage Not Collected","Environmental Services","Phone","MAY 19, 2020 10:50:34 AM","29##","MARK","WARD 10"," "
"Garbage Not Collected","Environmental Services","Phone","MAY 19, 2020 12:20:00 PM","50##","MALDEN","WARD 1"," "
"Garbage Not Collected","Environmental Services","Phone","MAY 19, 2020 12:23:52 PM","37##","HOWARD","WARD 9"," "
"Garbage Not Collected","Environmental Services","Phone","MAY 19, 2020 12:26:47 PM","8##","ERIE","WARD 4"," "
"Garbage Not Collected","Environmental Services","Phone","MAY 19, 2020 12:33:37 PM","4##","ROSELAWN","WARD 1"," "
"Garbage Not Collected","Environmental Services","Phone","MAY 19, 2020 01:37:16 PM","22##","BETHLEHEM","WARD 1"," "
"Garbage Not Collected","Environmental Services","Phone","JAN 20, 2020 11:26:50 AM","36##","MAGUIRE","WARD 9"," "
"Garbage Not Collected","Environmental Services","Phone","JAN 20, 2020 01:37:00 PM","30##","RADISSON","WARD 1"," "
"Garbage Not Collected","Environmental Services","Phone","JAN 20, 2020 02:50:16 PM","31##","ACADEMY","WARD 1"," "
"Garbage Not Collected","Environmental Services","Phone","JAN 20, 2020 03:31:19 PM","10##","CATARAQUI","WARD 4"," "
"Garbage Not Collected","Environmental Services","Phone","JAN 21, 2020 10:28:17 AM","6##","GRAND MARAIS","WARD 10"," "
"Garbage Not Collected","Environmental Services","Phone","JAN 22, 2020 08:11:13 AM","2##","BELLEVIEW","WARD 5"," "
"Garbage Not Collected","Environmental Services","Phone","JAN 22, 2020 08:16:39 AM","17##","CHILVER","WARD 4"," "
"Garbage Not Collected","Environmental Services","Phone","JAN 22, 2020 08:42:49 AM","2##","GLADSTONE","WARD 4"," "
"Garbage Not Collected","Environmental Services","Phone","JAN 16, 2020 08:22:50 AM","24##","FESTIVAL","WARD 7"," "
"Garbage Not Collected","Environmental Services","Phone","JAN 16, 2020 10:21:32 AM","21##","BYNG","WARD 4"," "
"Garbage Not Collected","Environmental Services","Phone","JAN 16, 2020 12:30:18 PM","110##","FIRGROVE","WARD 7"," "
"Garbage Not Collected","Environmental Services","Phone","MAR 05, 2020 08:47:57 AM","5##","BANWELL","WARD 7"," "
"Garbage Not Collected","Environmental Services","Phone","MAR 05, 2020 10:10:57 AM","109##","RIVERSIDE","WARD 7"," "
"Garbage Not Collected","Environmental Services","Phone","MAR 05, 2020 10:34:10 AM","3##","POMPANO","WARD 9"," "
"Garbage Not Collected","Environmental Services","Phone","MAR 05, 2020 11:46:35 AM","108##","RIVERSIDE","WARD 7"," "
"Garbage Not Collected","Environmental Services","Phone","MAR 05, 2020 11:48:46 AM","38##","TURNER","WARD 9"," "
"Garbage Not Collected","Environmental Services","Phone","MAR 05, 2020 12:10:14 PM","37##","BLISS","WARD 9"," "
"Garbage Not Collected","Environmental Services","Phone","MAR 05, 2020 12:31:49 PM","8##","RIVERDALE","WARD 6"," "
"Garbage Not Collected","Environmental Services","Phone","MAR 05, 2020 01:09:41 PM","27##","JEFFERSON","WARD 8"," "
"Garbage Not Collected","Environmental Services","Phone","MAR 05, 2020 04:29:20 PM","2##","BARRACUDA","WARD 9"," "
"Garbage Not Collected","Environmental Services","Phone","MAY 19, 2020 01:46:14 PM","17##","LONGFELLOW","WARD 10"," "
"Garbage Not Collected","Environmental Services","Phone","MAY 19, 2020 02:01:18 PM","24##","ASKIN","WARD 10"," "
"Garbage Not Collected","Environmental Services","Phone","MAY 19, 2020 02:18:29 PM","28##","BUTTERY","WARD 10"," "
"Garbage Not Collected","Environmental Services","Phone","MAY 19, 2020 02:37:41 PM","30##","BRUCE","WARD 1"," "
"Garbage Not Collected","Environmental Services","Phone","MAY 19, 2020 03:18:38 PM","92##","42","WARD 9"," "
"Garbage Not Collected","Environmental Services","Phone","MAY 20, 2020 09:30:37 AM","48##","MALDEN","WARD 1"," "
"Garbage Not Collected","Environmental Services","Phone","MAY 20, 2020 10:47:06 AM","38##","VAUGHAN","WARD 2"," "
"Garbage Not Collected","Environmental Services","Phone","JAN 22, 2020 09:36:12 AM","15##","WESTCOTT","WARD 5"," "
"Garbage Not Collected","Environmental Services","Phone","JAN 06, 2020 03:37:01 PM","30##","NORA","WARD 1"," "
"Garbage Not Collected","Environmental Services","Phone","JAN 07, 2020 02:08:26 PM","27##","REMINGTON","WARD 10"," "
"Garbage Not Collected","Environmental Services","Phone","JAN 08, 2020 09:13:16 AM","11##","LOUIS","WARD 4"," "
"Garbage Not Collected","Environmental Services","Phone","JAN 08, 2020 12:53:13 PM","27##","BRAMLEY","WARD 10"," "
"Garbage Not Collected","Environmental Services","Phone","JAN 08, 2020 01:27:20 PM","26##","SOUTHRIDGE","WARD 10"," "
"Garbage Not Collected","Environmental Services","Phone","JAN 08, 2020 04:56:47 PM","10##","MONMOUTH","WARD 4"," "
"Garbage Not Collected","Environmental Services","Phone","JAN 22, 2020 09:50:48 AM","15##","DOUGALL","WARD 3"," "
"Garbage Not Collected","Environmental Services","Phone","JAN 22, 2020 03:04:27 PM","14##","PILLETTE","WARD 5"," "
"Garbage Not Collected","Environmental Services","Phone","JAN 22, 2020 11:04:58 AM","16##","LINCOLN","WARD 4"," "
"Garbage Not Collected","Environmental Services","Phone","JAN 22, 2020 02:19:47 PM","5##","GROVE","WARD 3"," "
"Garbage Not Collected","Environmental Services","Phone","JAN 22, 2020 02:47:59 PM","13##","GOYEAU","WARD 3"," "
"Garbage Not Collected","Environmental Services","Phone","JAN 27, 2020 01:19:53 PM","13##","GOYEAU","WARD 3"," "
"Garbage Not Collected","Environmental Services","Web Intake","APR 29, 2020 08:38:18 AM"," "," ","WARD 4"," "
"Garbage Not Collected","Environmental Services","Phone","APR 29, 2020 09:30:12 AM","24##","OUELLETTE","WARD 10"," "
"Garbage Not Collected","Environmental Services","Phone","APR 29, 2020 10:21:28 AM","10##","BROOKVIEW","WARD 10"," "
"Garbage Not Collected","Environmental Services","Phone","APR 29, 2020 11:56:43 AM","27##","MELDRUM","WARD 5"," "
"Garbage Not Collected","Environmental Services","Phone","APR 29, 2020 01:23:13 PM","9##","WINDERMERE","WARD 4"," "
"Garbage Not Collected","Environmental Services","Phone","APR 29, 2020 01:47:17 PM","9##","PEACH BLOSSOM","WARD 1"," "
"Garbage Not Collected","Environmental Services","Phone","APR 29, 2020 01:55:00 PM","44##","WALKER","WARD 9"," "
"Garbage Not Collected","Environmental Services","Phone","MAY 20, 2020 10:55:29 AM","6##","LAKE TRAIL","WARD 1"," "
"Garbage Not Collected","Environmental Services","Phone","MAY 20, 2020 01:13:43 PM","45##","BROTHERS","WARD 1"," "
"Garbage Not Collected","Environmental Services","Phone","MAY 20, 2020 02:29:44 PM","17##","LONGFELLOW","WARD 10"," "
"Garbage Not Collected","Environmental Services","Phone","MAY 20, 2020 03:15:35 PM","47##","ALPENROSE","WARD 1"," "
"Garbage Not Collected","Environmental Services","Phone","MAY 15, 2020 08:41:08 AM","27##","BUCKINGHAM","WARD 8"," "
"Garbage Not Collected","Environmental Services","Phone","JAN 23, 2020 11:08:50 AM","17##","LINCOLN","WARD 4"," "
"Garbage Not Collected","Environmental Services","Phone","MAR 31, 2020 01:32:08 PM","10##","SILVERDALE","WARD 1"," "
"Garbage Not Collected","Environmental Services","Phone","APR 01, 2020 08:56:07 AM","29##","ORION","WARD 10"," "
"Garbage Not Collected","Environmental Services","Phone","APR 01, 2020 12:05:45 PM","10##","HOWARD","WARD 3"," "
"Garbage Not Collected","Environmental Services","Web Intake","APR 01, 2020 01:34:25 PM"," "," ","WARD 1"," "
"Garbage Not Collected","Environmental Services","Phone","MAR 23, 2020 03:04:15 PM","4##","HAMNER","WARD 9"," "
"Garbage Not Collected","Environmental Services","Phone","MAR 24, 2020 11:24:57 AM","15##","GOYEAU","WARD 3"," "
"Garbage Not Collected","Environmental Services","Phone","MAR 24, 2020 11:49:38 AM","9##","ERIE","WARD 4"," "
"Garbage Not Collected","Environmental Services","Phone","MAR 24, 2020 12:02:54 PM","6##","BRIDGE","WARD 2"," "
"Garbage Not Collected","Environmental Services","Phone","APR 29, 2020 01:59:33 PM"," ","BONITA","WARD 9"," "
"Garbage Not Collected","Environmental Services","Phone","APR 29, 2020 02:09:26 PM","13##","MARIE","WARD 10"," "
"Garbage Not Collected","Environmental Services","Phone","MAY 21, 2020 08:24:46 AM","17##","PILLETTE","WARD 5"," "
"Garbage Not Collected","Environmental Services","Phone","MAY 21, 2020 08:54:11 AM","9##","NOVA","WARD 9"," "
"Garbage Not Collected","Environmental Services","Phone","MAY 21, 2020 08:57:40 AM","3##","GLADSTONE","WARD 4"," "
"Garbage Not Collected","Environmental Services","Phone","MAY 21, 2020 09:27:08 AM","9##","WALLACE","WARD 9"," "
"Garbage Not Collected","Environmental Services","Phone","MAY 21, 2020 09:29:37 AM","8##","RIVERSIDE","WARD 4"," "
"Garbage Not Collected","Environmental Services","Phone","MAY 21, 2020 09:51:22 AM","11##","OAK","WARD 3"," "
"Garbage Not Collected","Environmental Services","Phone","MAY 21, 2020 10:14:09 AM","3##","GLADSTONE","WARD 4"," "
"Garbage Not Collected","Environmental Services","Phone","MAY 21, 2020 01:03:00 PM","10##","WYANDOTTE","WARD 4"," "
"Garbage Not Collected","Environmental Services","Phone","JAN 30, 2020 01:18:52 PM","31##","LOEBACH","WARD 8"," "
"Garbage Not Collected","Environmental Services","Phone","JAN 27, 2020 08:07:57 AM","30##","RADISSON","WARD 1"," "
"Garbage Not Collected","Environmental Services","Phone","JAN 27, 2020 11:28:47 AM","23##","GLENWOOD","WARD 10"," "
"Garbage Not Collected","Environmental Services","Phone","JAN 27, 2020 12:20:45 PM","5##","COMPTON","WARD 9"," "
"Garbage Not Collected","Environmental Services","Phone","JAN 27, 2020 01:29:37 PM","37##","HOLBURN","WARD 9"," "
"Garbage Not Collected","Environmental Services","Phone","JAN 27, 2020 04:43:32 PM","14##","PRINCE","WARD 2"," "
"Garbage Not Collected","Environmental Services","Phone","JAN 28, 2020 10:42:34 AM","8##","OAK","WARD 3"," "
"Garbage Not Collected","Environmental Services","Phone","JAN 28, 2020 01:05:40 PM","11##","WELLINGTON","WARD 3"," "
"Garbage Not Collected","Environmental Services","Phone","JAN 28, 2020 02:27:36 PM","13##","DUFFERIN","WARD 3"," "
"Garbage Not Collected","Environmental Services","Phone","JAN 28, 2020 03:24:05 PM","13##","DUFFERIN","WARD 3"," "
"Garbage Not Collected","Environmental Services","Phone","JAN 29, 2020 08:30:13 AM","11##","VICTORIA","WARD 3"," "
"Garbage Not Collected","Environmental Services","Phone","JAN 29, 2020 09:28:30 AM","8##","PELISSIER","WARD 3"," "
"Garbage Not Collected","Environmental Services","E-Mail","JAN 29, 2020 09:32:33 AM","7##","TUSCARORA","WARD 4"," "
"Garbage Not Collected","Environmental Services","Phone","FEB 19, 2020 11:52:52 AM","6##","CHARLOTTE","WARD 10"," "
"Garbage Not Collected","Environmental Services","Phone","FEB 20, 2020 08:32:17 AM","32##","RIBERDY","WARD 9"," "
"Garbage Not Collected","Environmental Services","Phone","FEB 20, 2020 04:18:58 PM","38##","KING","WARD 2"," "
"Garbage Not Collected","Environmental Services","Phone","FEB 21, 2020 08:30:17 AM"," ","PARK","WARD 3"," "
"Garbage Not Collected","Environmental Services","Phone","MAY 07, 2020 03:30:21 PM","34##","DEERBROOK","WARD 7"," "
"Garbage Not Collected","Environmental Services","Phone","MAY 06, 2020 10:13:19 AM","4##","MOY","WARD 4"," "
"Garbage Not Collected","Environmental Services","Phone","MAY 07, 2020 09:06:03 AM","24##","GEORGE","WARD 5"," "
"Garbage Not Collected","Environmental Services","Phone","MAY 07, 2020 09:14:04 AM","24##","GEORGE","WARD 5"," "
"Garbage Not Collected","Environmental Services","Phone","MAY 07, 2020 12:26:47 PM","24##","GEORGE","WARD 5"," "
"Garbage Not Collected","Environmental Services","Web Intake","MAY 07, 2020 12:51:09 PM"," "," ","WARD 5"," "
"Garbage Not Collected","Environmental Services","Web Intake","MAY 21, 2020 02:35:00 PM"," "," ","WARD 4"," "
"Garbage Not Collected","Environmental Services","Phone","MAY 21, 2020 03:41:49 PM","8##","PILLETTE","WARD 6"," "
"Garbage Not Collected","Environmental Services","Phone","MAY 21, 2020 03:58:36 PM","15##","HALL","WARD 4"," "
"Garbage Not Collected","Environmental Services","Phone","MAY 11, 2020 12:29:35 PM","22##","RANDOLPH","WARD 10"," "
"Garbage Not Collected","Environmental Services","Phone","JAN 29, 2020 10:38:21 AM","16##","LINCOLN","WARD 4"," "
"Garbage Not Collected","Environmental Services","Phone","JAN 29, 2020 11:14:35 AM","8##","HOWARD","WARD 4"," "
"Garbage Not Collected","Environmental Services","Phone","JAN 29, 2020 01:05:20 PM","8##","ALBERT","WARD 5"," "
"Garbage Not Collected","Environmental Services","Phone","JAN 29, 2020 01:06:09 PM","15##","LANGLOIS","WARD 4"," "
"Garbage Not Collected","Environmental Services","Phone","JAN 29, 2020 01:34:02 PM","6##","WINDERMERE","WARD 4"," "
"Garbage Not Collected","Environmental Services","Phone","JAN 29, 2020 03:23:58 PM","9##","BUCKINGHAM","WARD 6"," "
"Garbage Not Collected","Environmental Services","Phone","MAY 11, 2020 01:06:50 PM","17##","GLADSTONE","WARD 4"," "
"Garbage Not Collected","Environmental Services","Phone","MAY 11, 2020 01:20:09 PM","31##","EMILIA","WARD 1"," "
"Garbage Not Collected","Environmental Services","Phone","MAY 12, 2020 10:31:14 AM","12##","SETTLER'S","WARD 1"," "
"Garbage Not Collected","Environmental Services","Phone","MAY 12, 2020 11:30:41 AM","4##","LOGAN","WARD 3"," "
"Garbage Not Collected","Environmental Services","Phone","MAY 13, 2020 08:51:51 AM","21##","HOWARD","WARD 3"," "
"Garbage Not Collected","Environmental Services","E-Mail","MAY 13, 2020 09:17:16 AM","9##","PARENT","WARD 4"," "
"Garbage Not Collected","Environmental Services","Phone","MAY 13, 2020 11:39:42 AM","42##","PATRICK","WARD 1"," "
"Garbage Not Collected","Environmental Services","Phone","MAY 07, 2020 10:01:35 AM","49##","TECUMSEH","WARD 8"," "
"Garbage Not Collected","Environmental Services","Phone","MAY 12, 2020 01:59:32 PM","12##","OAK","WARD 3"," "
"Garbage Not Collected","Environmental Services","Phone","MAY 12, 2020 02:12:48 PM","11##","TUSCARORA","WARD 4"," "
"Garbage Not Collected","Environmental Services","Phone","MAY 12, 2020 03:08:38 PM","13##","LANGLOIS","WARD 4"," "
"Garbage Not Collected","Environmental Services","Phone","MAY 12, 2020 03:40:38 PM","10##","MARION","WARD 4"," "
"Garbage Not Collected","Environmental Services","Phone","MAY 13, 2020 12:02:34 PM","23##","HOWARD","WARD 3"," "
"Garbage Not Collected","Environmental Services","Phone","MAY 13, 2020 12:53:15 PM","5##","WINDERMERE","WARD 4"," "
"Garbage Not Collected","Environmental Services","Phone","FEB 10, 2020 03:37:56 PM","33##","ACADEMY","WARD 1"," "
"Garbage Not Collected","Environmental Services","Phone","FEB 11, 2020 09:37:23 AM","11##","HIGHLAND","WARD 3"," "
"Garbage Not Collected","Environmental Services","Phone","FEB 11, 2020 10:46:43 AM","6##","LANGLOIS","WARD 4"," "
"Garbage Not Collected","Environmental Services","E-Mail","FEB 07, 2020 01:00:06 PM","30##","AUSTEN","WARD 8"," "
"Garbage Not Collected","Environmental Services","Phone","FEB 10, 2020 01:03:47 PM","14##","SPRUCEWOOD","WARD 1"," "
"Garbage Not Collected","Environmental Services","Phone","FEB 12, 2020 08:58:24 AM","15##","CHURCH","WARD 3"," "
"Garbage Not Collected","Environmental Services","Phone","FEB 12, 2020 11:39:23 AM","9##","PILLETTE","WARD 5"," "
"Garbage Not Collected","Environmental Services","Phone","MAR 16, 2020 08:45:14 AM","32##","MAISONNEUVE","WARD 1"," "
"Garbage Not Collected","Environmental Services","Phone","MAR 16, 2020 11:58:53 AM","19##","LONGFELLOW","WARD 10"," "
"Garbage Not Collected","Environmental Services","Phone","MAR 17, 2020 12:11:44 PM","42##","SHARON","WARD 1"," "
"Garbage Not Collected","Environmental Services","Phone","MAR 17, 2020 12:45:43 PM","9##","ASKIN","WARD 2"," "
"Garbage Not Collected","Environmental Services","Phone","MAR 17, 2020 12:51:25 PM","8##","LOUNSBOROUGH","WARD 9"," "
"Garbage Not Collected","Environmental Services","Phone","MAR 17, 2020 03:15:17 PM","6##","CATARAQUI","WARD 4"," "
"Garbage Not Collected","Environmental Services","Phone","MAR 26, 2020 10:19:51 AM","31##","LOEBACH","WARD 8"," "
"Garbage Not Collected","Environmental Services","Phone","MAR 26, 2020 12:14:52 PM","24##","NORMAN","WARD 8"," "
"Garbage Not Collected","Environmental Services","Phone","MAR 26, 2020 01:30:51 PM","24##","JOS ST LOUIS","WARD 8"," "
"Garbage Not Collected","Environmental Services","Phone","MAR 27, 2020 08:02:59 AM","27##","CLEMENCEAU","WARD 8"," "
"Garbage Not Collected","Environmental Services","Phone","MAY 13, 2020 09:30:54 AM","25##","SEMINOLE","WARD 5"," "
"Garbage Not Collected","Environmental Services","Phone","MAY 14, 2020 11:55:47 AM","9##","MATTHEW BRADY","WARD 6"," "
"Garbage Not Collected","Environmental Services","Phone","MAY 13, 2020 01:41:29 PM","17##","CURRY","WARD 10"," "
"Garbage Not Collected","Environmental Services","Phone","MAY 13, 2020 03:38:59 PM","33##","BYNG","WARD 9"," "
"Garbage Not Collected","Environmental Services","Phone","MAY 13, 2020 03:45:52 PM","7##","MEMORIAL","WARD 4"," "
"Garbage Not Collected","Environmental Services","Phone","MAY 14, 2020 11:07:07 AM","20##","OTTAWA","WARD 4"," "
"Garbage Not Collected","Environmental Services","Phone","MAY 14, 2020 11:59:10 AM","96##","ESPLANADE","WARD 7"," "
"Garbage Not Collected","Environmental Services","Phone","MAY 14, 2020 12:54:02 PM","4##","LORI","WARD 6"," "
"Garbage Not Collected","Environmental Services","Phone","MAY 13, 2020 02:51:50 PM","12##","LAURENDEAU","WARD 5"," "
"Garbage Not Collected","Environmental Services","Phone","MAY 14, 2020 03:52:04 PM","35##","WILDWOOD","WARD 7"," "
"Garbage Not Collected","Environmental Services","Web Intake","MAY 08, 2020 04:29:13 PM"," "," ","WARD 2"," "
"Garbage Not Collected","Environmental Services","Web Intake","MAY 08, 2020 05:34:06 PM"," "," ","WARD 5"," "
"Garbage Not Collected","Environmental Services","Phone","MAY 11, 2020 08:58:37 AM","78##","HAWTHORNE","WARD 8"," "
"Garbage Not Collected","Environmental Services","Phone","JAN 09, 2020 11:26:29 AM","31##","LOEBACH","WARD 8"," "
"Garbage Not Collected","Environmental Services","Phone","JAN 09, 2020 01:40:45 PM","44##","8TH CON","WARD 9"," "
"Garbage Not Collected","Environmental Services","Phone","JAN 09, 2020 04:40:12 PM","31##","MULBERRY","WARD 7"," "
"Garbage Not Collected","Environmental Services","Phone","MAR 23, 2020 09:24:51 AM","16##","SUN VALLEY","WARD 2"," "
"Garbage Not Collected","Environmental Services","Phone","MAR 23, 2020 10:07:39 AM","38##","BLACKBURN","WARD 2"," "
"Garbage Not Collected","Environmental Services","Phone","MAR 23, 2020 11:10:58 AM","31##","CALIFORNIA","WARD 1"," "
"Garbage Not Collected","Environmental Services","Phone","MAR 24, 2020 12:16:35 PM","3##","LOGAN","WARD 3"," "
"Garbage Not Collected","Environmental Services","Phone","MAR 24, 2020 12:30:59 PM","64##","THORNBERRY","WARD 8"," "
"Garbage Not Collected","Environmental Services","Phone","MAR 24, 2020 01:56:15 PM","7##","BRIDGE","WARD 2"," "
"Garbage Not Collected","Environmental Services","Phone","MAR 24, 2020 03:36:42 PM","6##","BRIDGE","WARD 2"," "
"Garbage Not Collected","Environmental Services","Phone","MAR 24, 2020 03:42:00 PM","9##","MARENTETTE","WARD 4"," "
"Garbage Not Collected","Environmental Services","Phone","MAY 22, 2020 11:51:14 AM","63##","WYANDOTTE","WARD 6"," "
"Garbage Not Collected","Environmental Services","Phone","MAY 22, 2020 01:08:57 PM","71##","ISABELLE","WARD 6"," "
"Garbage Not Collected","Environmental Services","Phone","MAY 22, 2020 02:12:24 PM","65##","WYANDOTTE","WARD 6"," "
"Garbage Not Collected","Environmental Services","Phone","MAY 22, 2020 03:59:24 PM","16##","WESTMINSTER","WARD 8"," "
"Garbage Not Collected","Environmental Services","Phone","MAY 22, 2020 09:57:55 AM","3##","CHILVER","WARD 4"," "
"Garbage Not Collected","Environmental Services","Web Intake","JAN 09, 2020 06:36:48 PM"," "," ","WARD 10"," "
"Garbage Not Collected","Environmental Services","Phone","JAN 10, 2020 04:54:02 PM","24##","LLOYD GEORGE","WARD 8"," "
"Garbage Not Collected","Environmental Services","Phone","JAN 13, 2020 11:09:55 AM","38##","KING","WARD 2"," "
"Garbage Not Collected","Environmental Services","Phone","JAN 13, 2020 02:08:58 PM","9##","PARTINGTON","WARD 2"," "
"Garbage Not Collected","Environmental Services","Phone","MAR 20, 2020 08:04:25 AM"," ","CHATHAM","WARD 3"," "
"Garbage Not Collected","Environmental Services","Phone","MAR 20, 2020 01:30:28 PM","3##","CARLING","WARD 6"," "
"Garbage Not Collected","Environmental Services","Phone","MAR 30, 2020 12:09:10 PM","2##","THOMPSON","WARD 6"," "
"Garbage Not Collected","Environmental Services","Phone","MAR 31, 2020 09:19:53 AM","13##","PRINCE","WARD 2"," "
"Garbage Not Collected","Environmental Services","Phone","MAR 31, 2020 09:54:51 AM","6##","GILES","WARD 4"," "
"Garbage Not Collected","Environmental Services","Phone","MAR 31, 2020 10:05:52 AM","13##","CRAWFORD","WARD 3"," "
"Garbage Not Collected","Environmental Services","Phone","APR 08, 2020 12:09:32 PM","19##","FRANCOIS","WARD 5"," "
"Garbage Not Collected","Environmental Services","Phone","APR 08, 2020 02:01:12 PM","10##","BUCKINGHAM","WARD 6"," "
"Garbage Not Collected","Environmental Services","Phone","APR 08, 2020 02:09:55 PM","2##","PIERRE","WARD 4"," "
"Garbage Not Collected","Environmental Services","Phone","MAR 31, 2020 02:24:56 PM","11##","LANGLOIS","WARD 4"," "
"Garbage Not Collected","Environmental Services","Phone","MAR 31, 2020 02:41:41 PM","43##","SPAGO","WARD 9"," "
"Garbage Not Collected","Environmental Services","Phone","APR 01, 2020 09:12:27 AM","2##","MOY","WARD 4"," "
"Garbage Not Collected","Environmental Services","Phone","APR 01, 2020 10:54:56 AM","18##","GLADSTONE","WARD 4"," "
"Garbage Not Collected","Environmental Services","Phone","APR 01, 2020 12:18:57 PM","4##","WYANDOTTE","WARD 3"," "
"Garbage Not Collected","Environmental Services","Web Intake","APR 01, 2020 01:34:12 PM"," "," ","WARD 5"," "
"Garbage Not Collected","Environmental Services","Phone","APR 01, 2020 02:07:07 PM","9##","GLADSTONE","WARD 4"," "
"Garbage Not Collected","Environmental Services","Phone","APR 20, 2020 10:32:44 AM","24##","DOMINION","WARD 10"," "
"Garbage Not Collected","Environmental Services","Phone","APR 23, 2020 01:16:50 PM","50##","ELYRIA","WARD 8"," "
"Garbage Not Collected","Environmental Services","Phone","APR 24, 2020 09:19:45 AM","25##","LLOYD GEORGE","WARD 8"," "
"Garbage Not Collected","Environmental Services","Phone","APR 27, 2020 08:21:26 AM","38##","BLACKBURN","WARD 2"," "
"Garbage Not Collected","Environmental Services","Phone","APR 27, 2020 11:38:14 AM","15##","ARMANDA","WARD 1"," "
"Garbage Not Collected","Environmental Services","Phone","APR 27, 2020 12:54:46 PM","48##","MATCHETTE","WARD 1"," "
"Garbage Not Collected","Environmental Services","Phone","APR 27, 2020 01:55:02 PM","9##","RANDOLPH","WARD 2"," "
"Garbage Not Collected","Environmental Services","Phone","APR 07, 2020 11:27:49 AM","16##","GOYEAU","WARD 3"," "
"Garbage Not Collected","Environmental Services","Phone","APR 07, 2020 02:45:28 PM","7##","BRANT","WARD 4"," "
"Garbage Not Collected","Environmental Services","Phone","APR 07, 2020 03:06:22 PM","7##","ASSUMPTION","WARD 4"," "
"Garbage Not Collected","Environmental Services","Phone","APR 08, 2020 09:26:16 AM","42##","RIVERSIDE","WARD 5"," "
"Garbage Not Collected","Environmental Services","Phone","APR 08, 2020 10:12:53 AM","11##","REEDMERE","WARD 6"," "
"Garbage Not Collected","Environmental Services","Phone","MAR 10, 2020 11:07:21 AM","47##","WHITEFISH","WARD 9"," "
"Garbage Not Collected","Environmental Services","Phone","MAR 10, 2020 11:16:15 AM","12##","PARENT","WARD 4"," "
"Garbage Not Collected","Environmental Services","Phone","MAR 10, 2020 11:19:40 AM","48##","PERIWINKLE","WARD 9"," "
"Garbage Not Collected","Environmental Services","Phone","MAR 10, 2020 02:55:05 PM","11##","MARION","WARD 4"," "
"Garbage Not Collected","Environmental Services","Phone","MAR 10, 2020 03:38:23 PM","14##","ELSMERE","WARD 4"," "
"Garbage Not Collected","Environmental Services","Phone","FEB 12, 2020 04:44:14 PM","34##","BLISS","WARD 9"," "
"Garbage Not Collected","Environmental Services","Phone","FEB 11, 2020 04:00:59 PM","11##","LANGLOIS","WARD 4"," "
"Garbage Not Collected","Environmental Services","Phone","MAR 10, 2020 03:47:36 PM","17##","MARENTETTE","WARD 4"," "
"Garbage Not Collected","Environmental Services","Phone","MAR 24, 2020 12:47:49 PM","36##","ACADEMY","WARD 1"," "
"Garbage Not Collected","Environmental Services","Phone","MAR 23, 2020 02:58:38 PM","26##","RANDOLPH","WARD 10"," "
"Garbage Not Collected","Environmental Services","Phone","APR 16, 2020 11:24:18 AM","14##","SOUTH PACIFIC","WARD 10"," "
"Garbage Not Collected","Environmental Services","Phone","APR 15, 2020 09:49:27 AM","8##","ASSUMPTION","WARD 4"," "
"Garbage Not Collected","Environmental Services","Phone","APR 15, 2020 12:58:20 PM","13##","DUFFERIN","WARD 3"," "
"Garbage Not Collected","Environmental Services","Phone","APR 16, 2020 08:42:20 AM","15##","YORK","WARD 3"," "
"Garbage Not Collected","Environmental Services","Phone","APR 16, 2020 10:03:41 AM","11##","WALKER","WARD 4"," "
"Garbage Not Collected","Environmental Services","Phone","APR 16, 2020 11:21:27 AM","15##","PELISSIER","WARD 3"," "
"Garbage Not Collected","Environmental Services","Phone","APR 16, 2020 12:07:37 PM","9##","LINCOLN","WARD 4"," "
"Garbage Not Collected","Environmental Services","Phone","MAR 11, 2020 10:16:50 AM","15##","WESTCOTT","WARD 5"," "
"Garbage Not Collected","Environmental Services","Phone","MAR 11, 2020 12:05:06 PM","12##","GEORGE","WARD 5"," "
"Garbage Not Collected","Environmental Services","Phone","MAR 11, 2020 01:14:13 PM","6##","TOURNIER","WARD 2"," "
"Garbage Not Collected","Environmental Services","Phone","MAR 25, 2020 10:45:14 AM","22##","DANDURAND","WARD 10"," "
"Garbage Not Collected","Environmental Services","Phone","MAR 24, 2020 02:28:13 PM","14##","BUDAPEST","WARD 9"," "
"Garbage Not Collected","Environmental Services","Phone","MAR 25, 2020 02:20:05 PM","8##","LANGLOIS","WARD 4"," "
"Garbage Not Collected","Environmental Services","Phone","MAR 25, 2020 03:54:19 PM","21##","WINDERMERE","WARD 4"," "
"Garbage Not Collected","Environmental Services","Phone","MAR 25, 2020 09:56:55 AM","21##","MCDOUGALL","WARD 3"," "
"Garbage Not Collected","Environmental Services","Phone","MAR 26, 2020 11:44:12 AM","11##","LANGLOIS","WARD 4"," "
"Garbage Not Collected","Environmental Services","Phone","MAR 26, 2020 11:58:52 AM","106##","CLAIRVIEW","WARD 7"," "
"Garbage Not Collected","Environmental Services","Phone","APR 09, 2020 02:23:00 PM","25##","OLIVE","WARD 8"," "
"Garbage Not Collected","Environmental Services","Phone","APR 09, 2020 03:13:29 PM","25##","PILLETTE","WARD 8"," "
"Garbage Not Collected","Environmental Services","Phone","APR 14, 2020 08:05:11 AM","28##","BUTTERY","WARD 10"," "
"Garbage Not Collected","Environmental Services","Phone","APR 17, 2020 08:57:56 AM","10##","MARION","WARD 4"," "
"Garbage Not Collected","Environmental Services","Phone","APR 17, 2020 09:28:24 AM","105##","BEVERLY GLEN","WARD 7"," "
"Garbage Not Collected","Environmental Services","Phone","APR 17, 2020 10:58:49 AM","14##","HALLMARK","WARD 9"," "
"Garbage Not Collected","Environmental Services","Phone","APR 17, 2020 11:50:53 AM","32##","CONSERVATION","WARD 9"," "
"Garbage Not Collected","Environmental Services","Phone","APR 17, 2020 12:35:58 PM","9##","BANWELL","WARD 7"," "
"Garbage Not Collected","Environmental Services","Phone","APR 17, 2020 12:49:36 PM","9##","CHATEAU","WARD 7"," "
"Garbage Not Collected","Environmental Services","Phone","APR 17, 2020 12:57:27 PM","16##","SHEPHERD","WARD 4"," "
"Garbage Not Collected","Environmental Services","Phone","APR 17, 2020 02:06:19 PM","7##","JANETTE","WARD 3"," "
"Garbage Not Collected","Environmental Services","Phone","APR 17, 2020 03:44:45 PM","112##","TIMBER BAY","WARD 7"," "
"Garbage Not Collected","Environmental Services","Phone","FEB 26, 2020 11:59:32 AM","10##","LINCOLN","WARD 4"," "
"Garbage Not Collected","Environmental Services","Phone","FEB 26, 2020 12:55:38 PM","14##","WESTCOTT","WARD 5"," "
"Garbage Not Collected","Environmental Services","E-Mail","FEB 26, 2020 02:54:01 PM","18##","LARKIN","WARD 5"," "
"Garbage Not Collected","Environmental Services","Phone","JAN 03, 2020 09:00:40 AM","8##","BELLE ISLE VIEW","WARD 6"," "
"Garbage Not Collected","Environmental Services","Phone","JAN 02, 2020 04:08:04 PM","24##","ROSSINI","WARD 5"," "
"Garbage Not Collected","Environmental Services","Phone","FEB 26, 2020 03:46:14 PM","9##","LANGLOIS","WARD 4"," "
"Garbage Not Collected","Environmental Services","Phone","JAN 03, 2020 09:36:55 AM","11##","BELLAGIO","WARD 7"," "
"Garbage Not Collected","Environmental Services","Phone","MAR 26, 2020 12:05:08 PM","22##","BYNG","WARD 4"," "
"Garbage Not Collected","Environmental Services","Phone","MAR 26, 2020 12:12:44 PM","12##","COPPERFIELD","WARD 6"," "
"Garbage Not Collected","Environmental Services","Phone","MAR 26, 2020 02:21:12 PM","3##","LAPORTE","WARD 6"," "
"Garbage Not Collected","Environmental Services","Phone","MAR 26, 2020 12:40:06 PM","16##","NORTHWAY","WARD 10"," "
"Garbage Not Collected","Environmental Services","Phone","MAR 26, 2020 01:46:17 PM","19##","KIRKLAND","WARD 7"," "
"Garbage Not Collected","Environmental Services","Phone","APR 17, 2020 03:58:29 PM","54##","DOCHERTY","WARD 8"," "
"Garbage Not Collected","Environmental Services","Phone","APR 16, 2020 01:07:11 PM","8##","DAWSON","WARD 6"," "
"Garbage Not Collected","Environmental Services","Phone","APR 16, 2020 03:25:20 PM","17##","ST LUKE","WARD 5"," "
"Garbage Not Collected","Environmental Services","Phone","APR 16, 2020 03:37:15 PM","7##","ELLIS","WARD 4"," "
"Garbage Not Collected","Environmental Services","Phone","FEB 25, 2020 12:11:47 PM","44##","TUMBLEWEED","WARD 1"," "
"Garbage Not Collected","Environmental Services","Phone","FEB 25, 2020 03:02:40 PM","45##","TIMBER","WARD 1"," "
"Garbage Not Collected","Environmental Services","Phone","FEB 27, 2020 10:20:16 AM","13##","COPPERFIELD","WARD 6"," "
"Garbage Not Collected","Environmental Services","Phone","FEB 27, 2020 04:40:35 PM","106##","TECUMSEH","WARD 7"," "
"Garbage Not Collected","Environmental Services","Phone","FEB 27, 2020 04:46:43 PM","13##","DENBY","WARD 6"," "
"Garbage Not Collected","Environmental Services","Phone","FEB 28, 2020 08:21:33 AM","63##","WYANDOTTE","WARD 6"," "
"Garbage Not Collected","Environmental Services","Phone","FEB 28, 2020 08:31:24 AM","5##","FLORENCE","WARD 7"," "
"Garbage Not Collected","Environmental Services","Phone","FEB 28, 2020 08:39:31 AM","63##","WYANDOTTE","WARD 6"," "
"Garbage Not Collected","Environmental Services","Phone","FEB 28, 2020 09:13:15 AM","5##","FLORENCE","WARD 7"," "
"Garbage Not Collected","Environmental Services","Phone","FEB 28, 2020 12:19:48 PM","65##","WYANDOTTE","WARD 6"," "
"Garbage Not Collected","Environmental Services","Phone","APR 20, 2020 11:04:12 AM","24##","DOMINION","WARD 10"," "
"Garbage Not Collected","Environmental Services","Phone","APR 20, 2020 01:53:26 PM","36##","BRUCE","WARD 1"," "
"Garbage Not Collected","Environmental Services","Phone","APR 21, 2020 08:27:51 AM","5##","COMPTON","WARD 9"," "
"Garbage Not Collected","Environmental Services","Phone","APR 21, 2020 08:35:43 AM","26##","CABANA","WARD 1"," "
"Garbage Not Collected","Environmental Services","Phone","APR 21, 2020 08:35:51 AM","37##","DAYTONA","WARD 1"," "
"Garbage Not Collected","Environmental Services","Phone","APR 21, 2020 09:25:46 AM","3##","COUSINEAU","WARD 1"," "
"Garbage Not Collected","Environmental Services","Phone","JAN 20, 2020 11:44:16 AM","11##","CAMPBELL","WARD 2"," "
"Garbage Not Collected","Environmental Services","Phone","JAN 20, 2020 12:14:32 PM","13##","BENJAMIN","WARD 4"," "
"Garbage Not Collected","Environmental Services","Phone","JAN 21, 2020 03:51:47 PM","13##","PARENT","WARD 4"," "
"Garbage Not Collected","Environmental Services","Phone","FEB 18, 2020 02:12:05 PM","21##","DOMINION","WARD 10"," "
"Garbage Not Collected","Environmental Services","Phone","FEB 19, 2020 02:14:57 PM","6##","PIERRE","WARD 4"," "
"Garbage Not Collected","Environmental Services","Phone","FEB 19, 2020 02:33:30 PM","21##","DOUGALL","WARD 3"," "
"Garbage Not Collected","Environmental Services","Phone","FEB 19, 2020 03:21:08 PM","41##","SPAGO","WARD 9"," "
"Garbage Not Collected","Environmental Services","Phone","FEB 19, 2020 03:31:26 PM","13##","SHEPHERD","WARD 4"," "
"Garbage Not Collected","Environmental Services","Phone","FEB 19, 2020 03:51:22 PM","11##","DOUGALL","WARD 3"," "
"Garbage Not Collected","Environmental Services","Phone","FEB 19, 2020 03:54:23 PM","12##","GILES","WARD 4"," "
"Garbage Not Collected","Environmental Services","Phone","FEB 19, 2020 04:12:19 PM","33##","WOODWARD","WARD 9"," "
"Garbage Not Collected","Environmental Services","Web Intake","FEB 19, 2020 05:06:58 PM"," "," ","WARD 4"," "
"Garbage Not Collected","Environmental Services","Phone","FEB 20, 2020 09:08:50 AM","5##","CHARLES","WARD 10"," "
"Garbage Not Collected","Environmental Services","Phone","FEB 20, 2020 12:21:31 PM","4##","ELM","WARD 3"," "
"Garbage Not Collected","Environmental Services","Phone","FEB 20, 2020 12:28:16 PM","18##","WESTCOTT","WARD 5"," "
"Garbage Not Collected","Environmental Services","Phone","FEB 20, 2020 02:37:03 PM","5##","NIAGARA","WARD 4"," "
"Garbage Not Collected","Environmental Services","Phone","FEB 20, 2020 03:11:24 PM","15##","LILLIAN","WARD 4"," "
"Garbage Not Collected","Environmental Services","Phone","FEB 20, 2020 03:29:29 PM","10##","FORD","WARD 6"," "
"Garbage Not Collected","Environmental Services","Phone","FEB 20, 2020 04:22:13 PM","15##","NORMAN","WARD 8"," "
"Garbage Not Collected","Environmental Services","Phone","APR 22, 2020 01:54:51 PM","28##","BRAMLEY","WARD 10"," "
"Garbage Not Collected","Environmental Services","Phone","APR 22, 2020 02:15:39 PM","22##","ALEXIS","WARD 5"," "
"Garbage Not Collected","Environmental Services","Phone","APR 22, 2020 03:18:42 PM","27##","ROBERT","WARD 5"," "
"Garbage Not Collected","Environmental Services","Phone","FEB 21, 2020 09:27:07 AM","3##","BRUCE","WARD 3"," "
"Garbage Not Collected","Environmental Services","Phone","MAR 04, 2020 08:43:00 AM","2##","BELLEVIEW","WARD 5"," "
"Garbage Not Collected","Environmental Services","Phone","MAR 04, 2020 09:06:51 AM","8##","MONMOUTH","WARD 4"," "
"Garbage Not Collected","Environmental Services","Phone","MAR 04, 2020 11:01:27 AM","22##","LARKIN","WARD 5"," "
"Garbage Not Collected","Environmental Services","Phone","MAR 04, 2020 11:30:46 AM","15##","PILLETTE","WARD 8"," "
"Garbage Not Collected","Environmental Services","Phone","APR 21, 2020 11:07:11 AM","15##","LANGLOIS","WARD 4"," "
"Garbage Not Collected","Environmental Services","Phone","APR 21, 2020 11:46:27 AM","42##","CASGRAIN","WARD 1"," "
"Garbage Not Collected","Environmental Services","Phone","APR 21, 2020 12:38:55 PM","5##","RODFAM","WARD 1"," "
"Garbage Not Collected","Environmental Services","Phone","APR 21, 2020 12:58:31 PM","1##","ERIE","WARD 3"," "
"Garbage Not Collected","Environmental Services","Phone","APR 21, 2020 01:03:59 PM","41##","SPAGO","WARD 9"," "
"Garbage Not Collected","Environmental Services","Phone","APR 21, 2020 01:23:27 PM","22##","DANDURAND","WARD 10"," "
"Garbage Not Collected","Environmental Services","Web Intake","APR 14, 2020 06:55:32 PM"," "," ","WARD 2"," "
"Garbage Not Collected","Environmental Services","Phone","APR 09, 2020 10:17:36 AM","25##","TOURANGEAU","WARD 5"," "
"Garbage Not Collected","Environmental Services","Phone","APR 09, 2020 11:04:03 AM","76##","WYANDOTTE","WARD 6"," "
"Garbage Not Collected","Environmental Services","Phone","APR 14, 2020 10:35:18 AM","20##","DAYTONA","WARD 10"," "
"Garbage Not Collected","Environmental Services","Phone","APR 14, 2020 10:37:58 AM","37##","DOUGALL","WARD 9"," "
"Garbage Not Collected","Environmental Services","Phone","APR 15, 2020 08:04:24 AM","39##","NORTHWAY","WARD 1"," "
"Garbage Not Collected","Environmental Services","Phone","APR 15, 2020 08:04:35 AM","35##","CHURCH","WARD 1"," "
"Garbage Not Collected","Environmental Services","Phone","APR 15, 2020 08:23:00 AM","36##","CHURCH","WARD 1"," "
"Garbage Not Collected","Environmental Services","Phone","APR 15, 2020 08:43:21 AM","35##","CHURCH","WARD 1"," "
"Garbage Not Collected","Environmental Services","Phone","APR 15, 2020 08:47:52 AM","36##","CHURCH","WARD 1"," "
"Garbage Not Collected","Environmental Services","Phone","APR 15, 2020 09:35:36 AM","70##","CHARLIE BROOKS","WARD 8"," "
"Garbage Not Collected","Environmental Services","Phone","APR 15, 2020 10:10:28 AM","33##","CHURCH","WARD 1"," "
"Garbage Not Collected","Environmental Services","Phone","APR 15, 2020 10:18:37 AM","34##","AVONDALE","WARD 1"," "
"Garbage Not Collected","Environmental Services","Phone","APR 15, 2020 10:28:37 AM","36##","CHURCH","WARD 1"," "
"Garbage Not Collected","Environmental Services","Phone","APR 15, 2020 10:31:59 AM","32##","CHURCH","WARD 1"," "
"Garbage Not Collected","Environmental Services","Phone","APR 15, 2020 10:47:27 AM","35##","WOODLAND","WARD 1"," "
"Garbage Not Collected","Environmental Services","Phone","JAN 21, 2020 11:22:35 AM","37##","MONTCALM","WARD 2"," "
"Garbage Not Collected","Environmental Services","Phone","JAN 15, 2020 01:41:19 PM","16##","PILLETTE","WARD 8"," "
"Garbage Not Collected","Environmental Services","Phone","JAN 16, 2020 11:54:04 AM","118##","DEREK","WARD 7"," "
"Garbage Not Collected","Environmental Services","Phone","JAN 17, 2020 08:14:05 AM","105##","CLAIRVIEW","WARD 7"," "
"Garbage Not Collected","Environmental Services","Phone","JAN 17, 2020 09:47:24 AM","6##","GLADSTONE","WARD 4"," "
"Garbage Not Collected","Environmental Services","E-Mail","JAN 17, 2020 10:00:55 AM","118##","NORBERT","WARD 7"," "
"Garbage Not Collected","Environmental Services","Phone","JAN 20, 2020 09:10:57 AM","38##","SANDWICH","WARD 2"," "
"Garbage Not Collected","Environmental Services","Phone","FEB 07, 2020 01:49:29 PM","4##","MCEWAN","WARD 2"," "
"Garbage Not Collected","Environmental Services","Phone","FEB 07, 2020 02:17:00 PM","8##","PILLETTE","WARD 5"," "
"Garbage Not Collected","Environmental Services","Phone","MAR 27, 2020 08:45:22 AM","9##","MATTHEW BRADY","WARD 6"," "
"Garbage Not Collected","Environmental Services","Phone","MAR 26, 2020 02:21:51 PM","9##","BRUCE","WARD 3"," "
"Garbage Not Collected","Environmental Services","Phone","MAR 26, 2020 03:13:49 PM","15##","CENTRAL","WARD 5"," "
"Garbage Not Collected","Environmental Services","Phone","MAR 27, 2020 09:03:40 AM","78##","HAWTHORNE","WARD 8"," "
"Garbage Not Collected","Environmental Services","Phone","MAR 27, 2020 09:41:02 AM","10##","HALL","WARD 4"," "
"Garbage Not Collected","Environmental Services","Phone","MAR 27, 2020 11:14:51 AM","106##","SPRINGHOLLOW","WARD 7"," "
"Garbage Not Collected","Environmental Services","Phone","MAR 26, 2020 03:21:34 PM","95##","MENARD","WARD 7"," "
"Garbage Not Collected","Environmental Services","Phone","APR 21, 2020 02:57:34 PM","13##","HALL","WARD 4"," "
"Garbage Not Collected","Environmental Services","Phone","APR 21, 2020 03:30:03 PM","6##","LISA","WARD 1"," "
"Garbage Not Collected","Environmental Services","Phone","APR 22, 2020 10:32:45 AM","11##","ARGYLE","WARD 4"," "
"Garbage Not Collected","Environmental Services","Phone","APR 22, 2020 10:56:09 AM","15##","MOY","WARD 4"," "
"Garbage Not Collected","Environmental Services","Phone","APR 22, 2020 12:49:40 PM","12##","PARENT","WARD 4"," "
"Garbage Not Collected","Environmental Services","Phone","APR 22, 2020 01:18:09 PM","9##","WINDERMERE","WARD 4"," "
"Garbage Not Collected","Environmental Services","Phone","APR 15, 2020 02:13:07 PM","11##","PARENT","WARD 4"," "
"Garbage Not Collected","Environmental Services","Phone","APR 15, 2020 03:07:03 PM","16##","GOYEAU","WARD 3"," "
"Garbage Not Collected","Environmental Services","Phone","APR 15, 2020 03:58:43 PM","11##","PIERRE","WARD 4"," "
"Garbage Not Collected","Environmental Services","Web Intake","APR 22, 2020 06:16:37 PM"," "," ","WARD 5"," "
"Garbage Not Collected","Environmental Services","Phone","APR 23, 2020 08:34:52 AM","2##","DIEPPE","WARD 6"," "
"Garbage Not Collected","Environmental Services","Phone","APR 23, 2020 09:30:48 AM","11##","WINDERMERE","WARD 4"," "
"Garbage Not Collected","Environmental Services","Phone","APR 23, 2020 10:47:11 AM","47##","RIVERSIDE","WARD 6"," "
"Garbage Not Collected","Environmental Services","Phone","APR 23, 2020 10:51:37 AM","14##","BERNARD","WARD 5"," "
"Garbage Not Collected","Environmental Services","Phone","APR 23, 2020 12:34:01 PM","8##","BELLE ISLE VIEW","WARD 6"," "
"Garbage Not Collected","Environmental Services","Phone","APR 24, 2020 09:03:39 AM","16##","FORD","WARD 8"," "
"Garbage Not Collected","Environmental Services","Phone","APR 22, 2020 12:02:11 PM","18##","MALTA","WARD 5"," "
"Garbage Not Collected","Environmental Services","Phone","MAR 03, 2020 08:24:51 AM","46##","BUNKER","WARD 9"," "
"Garbage Not Collected","Environmental Services","Phone","MAR 03, 2020 08:57:19 AM","37##","MAGUIRE","WARD 9"," "
"Garbage Not Collected","Environmental Services","Phone","MAR 03, 2020 02:29:46 PM","45##","SASSAFRAS","WARD 9"," "
"Garbage Not Collected","Environmental Services","Phone","JAN 27, 2020 05:01:47 PM","16##","CURRY","WARD 10"," "
"Garbage Not Collected","Environmental Services","Phone","JAN 28, 2020 10:52:52 AM","10##","CABANA","WARD 1"," "
"Garbage Not Collected","Environmental Services","Phone","JAN 28, 2020 03:14:57 PM","14##","TECUMSEH","WARD 2"," "
"Garbage Not Collected","Environmental Services","Phone","JAN 28, 2020 04:21:39 PM","45##","TIMBER","WARD 1"," "
"Garbage Not Collected","Environmental Services","Phone","JAN 02, 2020 12:09:56 PM","76##","HAWTHORNE","WARD 8"," "
"Garbage Not Collected","Environmental Services","Phone","JAN 02, 2020 01:59:08 PM","16##","NIAGARA","WARD 4"," "
"Garbage Not Collected","Environmental Services","Phone","JAN 03, 2020 10:13:36 AM","85##","RIVERSIDE","WARD 6"," "
"Garbage Not Collected","Environmental Services","Phone","JAN 03, 2020 11:44:27 AM","30##","TEMPLE","WARD 5"," "
"Garbage Not Collected","Environmental Services","Phone","JAN 03, 2020 01:32:43 PM","17##","MOHAWK","WARD 4"," "
"Garbage Not Collected","Environmental Services","Phone","FEB 24, 2020 10:00:53 AM","7##","BRIDGE","WARD 2"," "
"Garbage Not Collected","Environmental Services","Phone","FEB 24, 2020 11:38:57 AM","69##","WYANDOTTE","WARD 6"," "
"Garbage Not Collected","Environmental Services","Phone","FEB 24, 2020 11:54:56 AM","11##","FELIX","WARD 2"," "
"Garbage Not Collected","Environmental Services","Phone","FEB 24, 2020 12:35:02 PM","10##","PARTINGTON","WARD 2"," "
"Garbage Not Collected","Environmental Services","Phone","FEB 24, 2020 01:05:03 PM","12##","BRUCE","WARD 3"," "
"Garbage Not Collected","Environmental Services","Phone","FEB 24, 2020 01:41:14 PM","7##","BRIDGE","WARD 2"," "
"Garbage Not Collected","Environmental Services","Phone","FEB 25, 2020 08:44:42 AM","38##","HOWARD","WARD 9"," "
"Garbage Not Collected","Environmental Services","Phone","FEB 27, 2020 01:00:04 PM","40##","LAUZON","WARD 9"," "
"Garbage Not Collected","Environmental Services","Phone","MAR 03, 2020 02:46:35 PM","11##","SOUTH PACIFIC","WARD 10"," "
"Garbage Not Collected","Environmental Services","Phone","MAR 04, 2020 09:14:18 AM","33##","RIBERDY","WARD 9"," "
"Garbage Not Collected","Environmental Services","Phone","MAR 04, 2020 12:49:41 PM","6##","MEMORIAL","WARD 4"," "
"Garbage Not Collected","Environmental Services","Phone","MAR 04, 2020 04:23:30 PM","22##","MARENTETTE","WARD 4"," "
"Garbage Not Collected","Environmental Services","Phone","MAR 05, 2020 12:09:54 PM","22##","MARENTETTE","WARD 4"," "
"Garbage Not Collected","Environmental Services","Phone","MAR 12, 2020 04:08:21 PM","18##","OLIVE","WARD 8"," "
"Garbage Not Collected","Environmental Services","Phone","MAR 16, 2020 10:09:05 AM","10##","CALIFORNIA","WARD 2"," "
"Garbage Not Collected","Environmental Services","Phone","MAR 06, 2020 08:07:43 AM","24##","PILLETTE","WARD 5"," "
"Garbage Not Collected","Environmental Services","Phone","MAR 09, 2020 12:37:22 PM","7##","CARTIER","WARD 1"," "
"Garbage Not Collected","Environmental Services","Phone","MAR 09, 2020 12:48:04 PM","49##","SIXTH","WARD 1"," "
"Garbage Not Collected","Environmental Services","Phone","APR 15, 2020 09:03:15 AM","6##","IRVINE","WARD 4"," "
"Garbage Not Collected","Environmental Services","Phone","MAY 04, 2020 10:43:41 AM","35##","BLOOMFIELD","WARD 2"," "
"Garbage Not Collected","Environmental Services","Phone","MAY 04, 2020 12:09:05 PM","36##","GIRARDOT","WARD 2"," "
"Garbage Not Collected","Environmental Services","Phone","MAY 04, 2020 01:52:37 PM","14##","BENJAMIN","WARD 4"," "
"Garbage Not Collected","Environmental Services","Phone","MAY 04, 2020 03:45:21 PM","10##","PIERRE","WARD 4"," "
"Garbage Not Collected","Environmental Services","Phone","MAY 05, 2020 09:50:41 AM","13##","PIERRE","WARD 4"," "
"Garbage Not Collected","Environmental Services","Phone","JAN 03, 2020 04:48:42 PM","13##","ISABELLE","WARD 6"," "
"Garbage Not Collected","Environmental Services","Phone","JAN 20, 2020 03:39:15 PM","14##","SPRUCEWOOD","WARD 1"," "
"Garbage Not Collected","Environmental Services","Phone","JAN 16, 2020 10:43:01 AM","2##","PILLETTE","WARD 6"," "
"Garbage Not Collected","Environmental Services","Phone","JAN 16, 2020 11:56:12 AM","12##","ENFIELD","WARD 6"," "
"Garbage Not Collected","Environmental Services","Phone","JAN 16, 2020 12:41:55 PM","23##","UNIVERSITY","WARD 2"," "
"Garbage Not Collected","Environmental Services","Phone","JAN 16, 2020 02:39:04 PM","9##","BANWELL","WARD 7"," "
"Garbage Not Collected","Environmental Services","Phone","JAN 16, 2020 02:51:25 PM","10##","LAKEVIEW","WARD 7"," "
"Garbage Not Collected","Environmental Services","Phone","FEB 27, 2020 03:51:15 PM","19##","FERNDALE","WARD 8"," "
"Garbage Not Collected","Environmental Services","Phone","FEB 27, 2020 03:57:51 PM","98##","OSBORN","WARD 7"," "
"Garbage Not Collected","Environmental Services","Phone","MAR 12, 2020 04:43:15 PM","13##","COTTAGE","WARD 6"," "
"Garbage Not Collected","Environmental Services","Phone","MAR 12, 2020 04:48:10 PM","13##","COTTAGE","WARD 6"," "
"Garbage Not Collected","Environmental Services","Phone","MAR 02, 2020 01:49:08 PM","35##","QUEEN","WARD 2"," "
"Garbage Not Collected","Environmental Services","Phone","MAR 13, 2020 11:35:36 AM","13##","COTTAGE","WARD 6"," "
"Garbage Not Collected","Environmental Services","Phone","MAR 13, 2020 11:54:06 AM","13##","COTTAGE","WARD 6"," "
"Garbage Not Collected","Environmental Services","Phone","MAR 03, 2020 09:27:21 AM","8##","BRANT","WARD 4"," "
"Garbage Not Collected","Environmental Services","Phone","MAR 04, 2020 02:14:48 PM","9##","ELLROSE","WARD 5"," "
"Garbage Not Collected","Environmental Services","Phone","MAR 03, 2020 10:52:07 AM","26##","MEADOWBROOK","WARD 8"," "
"Garbage Not Collected","Environmental Services","Phone","MAR 04, 2020 08:45:09 AM","11##","LANGLOIS","WARD 4"," "
"Garbage Not Collected","Environmental Services","Phone","MAR 12, 2020 12:37:44 PM","8##","PATRICE","WARD 6"," "
"Garbage Not Collected","Environmental Services","Phone","MAR 12, 2020 12:47:07 PM","29##","PETER","WARD 2"," "
"Garbage Not Collected","Environmental Services","Phone","MAR 12, 2020 01:32:26 PM","15##","LINCOLN","WARD 4"," "
"Garbage Not Collected","Environmental Services","Phone","MAR 12, 2020 04:00:54 PM","13##","COTTAGE","WARD 6"," "
"Garbage Not Collected","Environmental Services","Phone","JAN 31, 2020 08:54:46 AM","14##","TECUMSEH","WARD 4"," "
"Garbage Not Collected","Environmental Services","Phone","FEB 04, 2020 12:27:35 PM","11##","LOUIS","WARD 4"," "
"Garbage Not Collected","Environmental Services","Phone","MAR 09, 2020 03:44:57 PM","16##","PARTINGTON","WARD 10"," "
"Garbage Not Collected","Environmental Services","Phone","MAR 10, 2020 02:15:39 PM","22##","HOWARD","WARD 3"," "
"Garbage Not Collected","Environmental Services","Phone","MAR 11, 2020 11:03:53 AM","25##","MELDRUM","WARD 5"," "
"Garbage Not Collected","Environmental Services","Phone","MAR 11, 2020 02:57:36 PM","7##","SOUTH PACIFIC","WARD 10"," "
"Garbage Not Collected","Environmental Services","Phone","MAR 11, 2020 03:09:17 PM","16##","HOWARD","WARD 4"," "
"Garbage Not Collected","Environmental Services","Phone","MAR 12, 2020 09:07:22 AM","11##","LANGLOIS","WARD 4"," "
"Garbage Not Collected","Environmental Services","Phone","MAR 12, 2020 09:17:39 AM","26##","MELDRUM","WARD 5"," "
"Garbage Not Collected","Environmental Services","Phone","MAR 12, 2020 10:37:01 AM","118##","RIVERSIDE","WARD 7"," "
"Garbage Not Collected","Environmental Services","Phone","APR 17, 2020 08:07:54 AM","11##","THUNDERBAY","WARD 7"," "
"Garbage Not Collected","Environmental Services","Phone","APR 20, 2020 08:17:50 AM","9##","LAPORTE","WARD 6"," "
"Garbage Not Collected","Environmental Services","Phone","APR 22, 2020 03:25:31 PM","10##","LINCOLN","WARD 4"," "
"Garbage Not Collected","Environmental Services","Phone","APR 15, 2020 01:36:43 PM","6##","BRAZIL","WARD 10"," "
"Garbage Not Collected","Environmental Services","E-Mail","APR 15, 2020 03:30:05 PM","37##","DOUGALL","WARD 9"," "
"Garbage Not Collected","Environmental Services","Phone","JAN 30, 2020 01:48:04 PM","101##","SHENANDOAH","WARD 7"," "
"Garbage Not Collected","Environmental Services","Phone","JAN 30, 2020 03:21:40 PM","31##","TURNER","WARD 9"," "
"Garbage Not Collected","Environmental Services","Phone","JAN 30, 2020 04:39:50 PM","26##","ARMSTRONG","WARD 8"," "
"Garbage Not Collected","Environmental Services","Phone","JAN 17, 2020 04:13:44 PM","15##","WESTMINSTER","WARD 8"," "
"Garbage Not Collected","Environmental Services","Phone","MAR 13, 2020 12:01:10 PM","13##","COTTAGE","WARD 6"," "
"Garbage Not Collected","Environmental Services","Phone","MAR 13, 2020 01:04:28 PM","13##","COTTAGE","WARD 6"," "
"Garbage Not Collected","Environmental Services","Phone","JAN 27, 2020 09:45:57 AM","12##","ARMANDA","WARD 1"," "
"Garbage Not Collected","Environmental Services","Phone","JAN 28, 2020 09:38:31 AM","4##","MILL","WARD 2"," "
"Garbage Not Collected","Environmental Services","Phone","JAN 28, 2020 01:24:03 PM","10##","MOY","WARD 4"," "
"Garbage Not Collected","Environmental Services","Phone","JAN 28, 2020 01:46:31 PM","15##","CHURCH","WARD 3"," "
"Garbage Not Collected","Environmental Services","Phone","JAN 28, 2020 03:24:31 PM","10##","WINDSOR","WARD 3"," "
"Garbage Not Collected","Environmental Services","Phone","JAN 28, 2020 04:18:13 PM","7##","ELLIOTT","WARD 4"," "
"Garbage Not Collected","Environmental Services","Phone","MAR 09, 2020 08:38:59 AM","35##","HOWARD","WARD 9"," "
"Garbage Not Collected","Environmental Services","Phone","MAR 09, 2020 03:05:38 PM","16##","CURRY","WARD 10"," "
"Garbage Not Collected","Environmental Services","Phone","MAR 09, 2020 04:49:51 PM","13##","PRINCE","WARD 2"," "
"Garbage Not Collected","Environmental Services","Phone","MAR 31, 2020 08:18:27 AM","42##","STAGECOACH","WARD 1"," "
"Garbage Not Collected","Environmental Services","Phone","MAR 31, 2020 09:42:20 AM","23##","ST CLAIR","WARD 10"," "
"Garbage Not Collected","Environmental Services","Web Intake","MAR 31, 2020 10:02:50 AM"," "," ","WARD 1"," "
"Garbage Not Collected","Environmental Services","Phone","MAR 31, 2020 10:54:44 AM","4##","FOCH","WARD 3"," "
"Garbage Not Collected","Environmental Services","Phone","MAR 31, 2020 01:13:18 PM","19##","CURRY","WARD 10"," "
"Garbage Not Collected","Environmental Services","Phone","FEB 20, 2020 10:24:39 AM","12##","KILDARE","WARD 4"," "
"Garbage Not Collected","Environmental Services","Phone","FEB 18, 2020 08:56:40 AM","33##","HOWARD","WARD 9"," "
"Garbage Not Collected","Environmental Services","Phone","FEB 18, 2020 12:59:25 PM","36##","CHURCH","WARD 1"," "
"Garbage Not Collected","Environmental Services","Web Intake","MAR 25, 2020 04:44:39 PM"," "," ","WARD 3"," "
"Garbage Not Collected","Environmental Services","Phone","MAR 31, 2020 12:34:16 PM","9##","LANGLOIS","WARD 4"," "
"Garbage Not Collected","Environmental Services","Phone","MAR 31, 2020 01:26:26 PM","13##","DUFFERIN","WARD 3"," "
"Garbage Not Collected","Environmental Services","Phone","MAR 31, 2020 01:47:54 PM","10##","LOUIS","WARD 4"," "
"Garbage Not Collected","Environmental Services","Phone","MAR 31, 2020 01:58:04 PM","8##","MARENTETTE","WARD 4"," "
"Garbage Not Collected","Environmental Services","Phone","MAR 31, 2020 02:04:58 PM","7##","MILL","WARD 2"," "
"Garbage Not Collected","Environmental Services","Phone","MAR 31, 2020 03:07:17 PM","9##","HALL","WARD 4"," "
"Garbage Not Collected","Environmental Services","Phone","MAR 31, 2020 03:56:30 PM","4##","CLINTON","WARD 3"," "
"Garbage Not Collected","Environmental Services","Phone","FEB 18, 2020 01:04:52 PM","22##","DOMINION","WARD 10"," "
"Garbage Not Collected","Environmental Services","Phone","FEB 18, 2020 01:33:38 PM","16##","ASKIN","WARD 10"," "
"Garbage Not Collected","Environmental Services","Phone","FEB 19, 2020 01:34:01 PM","12##","PROVINCIAL","WARD 9"," "
"Garbage Not Collected","Environmental Services","Phone","FEB 19, 2020 02:54:49 PM","11##","ELM","WARD 3"," "
"Garbage Not Collected","Environmental Services","Phone","APR 03, 2020 12:52:29 PM","10##","LINCOLN","WARD 4"," "
"Garbage Not Collected","Environmental Services","Phone","APR 07, 2020 09:31:22 AM","8##","ASSUMPTION","WARD 4"," "
"Garbage Not Collected","Environmental Services","Phone","APR 07, 2020 11:04:34 AM","1##","PIERRE","WARD 4"," "
"Garbage Not Collected","Environmental Services","Phone","APR 01, 2020 09:36:02 AM","19##","SOMME","WARD 4"," "
"Garbage Not Collected","Environmental Services","Phone","APR 01, 2020 10:43:20 AM","25##","ROSSINI","WARD 5"," "
"Garbage Not Collected","Environmental Services","Phone","APR 01, 2020 01:16:25 PM","28##","ROBILLARD","WARD 10"," "
"Garbage Not Collected","Environmental Services","Phone","APR 01, 2020 02:33:21 PM","44##","LOVRIC","WARD 5"," "
"Garbage Not Collected","Environmental Services","Phone","APR 02, 2020 02:36:43 PM","83##","EAST MOOR","WARD 6"," "
"Garbage Not Collected","Environmental Services","Phone","JAN 27, 2020 03:01:17 PM","22##","BETHLEHEM","WARD 1"," "
"Garbage Not Collected","Environmental Services","Phone","JAN 24, 2020 02:27:39 PM","4##","ERIE","WARD 3"," "
"Garbage Not Collected","Environmental Services","Phone","FEB 05, 2020 02:31:31 PM","3##","DETROIT","WARD 2"," "
"Garbage Not Collected","Environmental Services","Phone","FEB 05, 2020 03:03:56 PM","13##","ELLROSE","WARD 5"," "
"Garbage Not Collected","Environmental Services","Phone","FEB 06, 2020 08:43:23 AM","10##","GLADSTONE","WARD 4"," "
"Garbage Not Collected","Environmental Services","Phone","MAR 30, 2020 10:46:23 AM","22##","BETHLEHEM","WARD 1"," "
"Garbage Not Collected","Environmental Services","Phone","FEB 06, 2020 08:52:00 AM","10##","GLADSTONE","WARD 4"," "
"Garbage Not Collected","Environmental Services","Phone","MAY 19, 2020 10:51:33 AM","35##","PETER","WARD 2"," "
"Garbage Not Collected","Environmental Services","Phone","MAY 22, 2020 02:55:54 PM","4##","ERIE","WARD 3"," "
"Garbage Not Collected","Environmental Services","Phone","MAY 19, 2020 03:29:08 PM","12##","PROVINCIAL","WARD 9"," "
"Garbage Not Collected","Environmental Services","Phone","MAY 20, 2020 08:57:12 AM","35##","PETER","WARD 2"," "
"Garbage Not Collected","Environmental Services","Phone","MAY 25, 2020 10:49:58 AM","37##","MAGUIRE","WARD 9"," "
"Garbage Not Collected","Environmental Services","Phone","MAY 25, 2020 12:21:46 PM","16##","CURRY","WARD 10"," "
"Garbage Not Collected","Environmental Services","Phone","MAY 25, 2020 12:31:57 PM","11##","BEALS","WARD 1"," "
"Garbage Not Collected","Environmental Services","Phone","MAY 25, 2020 01:04:08 PM","37##","VIRGINIA PARK","WARD 1"," "
"Garbage Not Collected","Environmental Services","Phone","MAY 25, 2020 01:46:25 PM","8##","GLADSTONE","WARD 4"," "
"Garbage Not Collected","Environmental Services","Phone","MAY 25, 2020 02:40:27 PM","8##","TECUMSEH","WARD 3"," "
"Garbage Not Collected","Environmental Services","Phone","MAY 25, 2020 02:49:37 PM","32##","CHURCH","WARD 1"," "
"Garbage Not Collected","Environmental Services","Phone","MAY 25, 2020 03:38:56 PM","35##","VIRGINIA PARK","WARD 1"," "
"Garbage Not Collected","Environmental Services","Phone","MAY 25, 2020 03:55:13 PM","49##","MALDEN","WARD 1"," "
"Garbage Not Collected","Environmental Services","Phone","MAY 21, 2020 02:22:42 PM","14##","PELISSIER","WARD 3"," "
"Garbage Not Collected","Environmental Services","Phone","MAY 20, 2020 09:26:38 AM","12##","DOT","WARD 2"," "
"Garbage Not Collected","Environmental Services","Phone","MAY 20, 2020 09:57:57 AM","3##","PARENT","WARD 4"," "
"Garbage Not Collected","Environmental Services","Phone","MAY 20, 2020 10:55:37 AM","13##","PARENT","WARD 4"," "
"Garbage Not Collected","Environmental Services","Phone","MAY 20, 2020 01:39:20 PM","16##","LANGLOIS","WARD 4"," "
"Garbage Not Collected","Environmental Services","Phone","MAY 20, 2020 02:44:00 PM","8##","BRIDGE","WARD 2"," "
"Garbage Not Collected","Environmental Services","Phone","MAY 21, 2020 08:18:41 AM","3##","ELM","WARD 3"," "
"Garbage Not Collected","Environmental Services","Phone","MAY 21, 2020 09:38:28 AM","28##","MANCHESTER","WARD 2"," "
